kind	lisp_name	c_name	source.path	source.line	arity.min	arity.max	arity.raw_min	arity.raw_max	opcode
bytecode_op	Badd1	Badd1	src/bytecode.c	158					84
bytecode_op	Baref	Baref	src/bytecode.c	146					72
bytecode_op	Baset	Baset	src/bytecode.c	147					73
bytecode_op	Bassq	Bassq	src/bytecode.c	240					158
bytecode_op	Bbobp	Bbobp	src/bytecode.c	187					111
bytecode_op	Bbolp	Bbolp	src/bytecode.c	186					110
bytecode_op	Bbuffer_substring	Bbuffer_substring	src/bytecode.c	200					123
bytecode_op	Bcall	Bcall	src/bytecode.c	109					32
bytecode_op	Bcall1	Bcall1	src/bytecode.c	110					33
bytecode_op	Bcall2	Bcall2	src/bytecode.c	111					34
bytecode_op	Bcall3	Bcall3	src/bytecode.c	112					35
bytecode_op	Bcall4	Bcall4	src/bytecode.c	113					36
bytecode_op	Bcall5	Bcall5	src/bytecode.c	114					37
bytecode_op	Bcall6	Bcall6	src/bytecode.c	115					38
bytecode_op	Bcall7	Bcall7	src/bytecode.c	116					39
bytecode_op	Bcar	Bcar	src/bytecode.c	138					64
bytecode_op	Bcar_safe	Bcar_safe	src/bytecode.c	244					162
bytecode_op	Bcatch	Bcatch	src/bytecode.c	219					141
bytecode_op	Bcdr	Bcdr	src/bytecode.c	139					65
bytecode_op	Bcdr_safe	Bcdr_safe	src/bytecode.c	245					163
bytecode_op	Bchar_after	Bchar_after	src/bytecode.c	178					102
bytecode_op	Bchar_syntax	Bchar_syntax	src/bytecode.c	199					122
bytecode_op	Bconcat2	Bconcat2	src/bytecode.c	154					80
bytecode_op	Bconcat3	Bconcat3	src/bytecode.c	155					81
bytecode_op	Bconcat4	Bconcat4	src/bytecode.c	156					82
bytecode_op	BconcatN	BconcatN	src/bytecode.c	255					176
bytecode_op	Bcondition_case	Bcondition_case	src/bytecode.c	222					143
bytecode_op	Bcons	Bcons	src/bytecode.c	140					66
bytecode_op	Bconsp	Bconsp	src/bytecode.c	132					58
bytecode_op	Bconstant	Bconstant	src/bytecode.c	265					192
bytecode_op	Bconstant2	Bconstant2	src/bytecode.c	206					129
bytecode_op	Bcurrent_buffer	Bcurrent_buffer	src/bytecode.c	188					112
bytecode_op	Bcurrent_column	Bcurrent_column	src/bytecode.c	181					105
bytecode_op	Bdelete_region	Bdelete_region	src/bytecode.c	201					124
bytecode_op	Bdiff	Bdiff	src/bytecode.c	164					90
bytecode_op	Bdiscard	Bdiscard	src/bytecode.c	213					136
bytecode_op	BdiscardN	BdiscardN	src/bytecode.c	261					182
bytecode_op	Bdowncase	Bdowncase	src/bytecode.c	232					151
bytecode_op	Bdup	Bdup	src/bytecode.c	214					137
bytecode_op	Belt	Belt	src/bytecode.c	238					156
bytecode_op	Bend_of_line	Bend_of_line	src/bytecode.c	204					127
bytecode_op	Beobp	Beobp	src/bytecode.c	185					109
bytecode_op	Beolp	Beolp	src/bytecode.c	184					108
bytecode_op	Beq	Beq	src/bytecode.c	135					61
bytecode_op	Beqlsign	Beqlsign	src/bytecode.c	159					85
bytecode_op	Bequal	Bequal	src/bytecode.c	236					154
bytecode_op	Bfollowing_char	Bfollowing_char	src/bytecode.c	179					103
bytecode_op	Bforward_char	Bforward_char	src/bytecode.c	194					117
bytecode_op	Bforward_line	Bforward_line	src/bytecode.c	198					121
bytecode_op	Bforward_word	Bforward_word	src/bytecode.c	195					118
bytecode_op	Bfset	Bfset	src/bytecode.c	151					77
bytecode_op	Bgeq	Bgeq	src/bytecode.c	163					89
bytecode_op	Bget	Bget	src/bytecode.c	152					78
bytecode_op	Bgoto	Bgoto	src/bytecode.c	207					130
bytecode_op	Bgoto_char	Bgoto_char	src/bytecode.c	174					98
bytecode_op	Bgotoifnil	Bgotoifnil	src/bytecode.c	208					131
bytecode_op	Bgotoifnilelsepop	Bgotoifnilelsepop	src/bytecode.c	210					133
bytecode_op	Bgotoifnonnil	Bgotoifnonnil	src/bytecode.c	209					132
bytecode_op	Bgotoifnonnilelsepop	Bgotoifnonnilelsepop	src/bytecode.c	211					134
bytecode_op	Bgtr	Bgtr	src/bytecode.c	160					86
bytecode_op	Bindent_to	Bindent_to	src/bytecode.c	182					106
bytecode_op	Binsert	Binsert	src/bytecode.c	175					99
bytecode_op	BinsertN	BinsertN	src/bytecode.c	256					177
bytecode_op	Bintegerp	Bintegerp	src/bytecode.c	250					168
bytecode_op	Binteractive_p	Binteractive_p	src/bytecode.c	192					116
bytecode_op	Blength	Blength	src/bytecode.c	145					71
bytecode_op	Bleq	Bleq	src/bytecode.c	162					88
bytecode_op	Blist1	Blist1	src/bytecode.c	141					67
bytecode_op	Blist2	Blist2	src/bytecode.c	142					68
bytecode_op	Blist3	Blist3	src/bytecode.c	143					69
bytecode_op	Blist4	Blist4	src/bytecode.c	144					70
bytecode_op	BlistN	BlistN	src/bytecode.c	254					175
bytecode_op	Blistp	Blistp	src/bytecode.c	134					60
bytecode_op	Blss	Blss	src/bytecode.c	161					87
bytecode_op	Bmatch_beginning	Bmatch_beginning	src/bytecode.c	229					148
bytecode_op	Bmatch_end	Bmatch_end	src/bytecode.c	230					149
bytecode_op	Bmax	Bmax	src/bytecode.c	167					93
bytecode_op	Bmember	Bmember	src/bytecode.c	239					157
bytecode_op	Bmemq	Bmemq	src/bytecode.c	136					62
bytecode_op	Bmin	Bmin	src/bytecode.c	168					94
bytecode_op	Bmult	Bmult	src/bytecode.c	169					95
bytecode_op	Bnarrow_to_region	Bnarrow_to_region	src/bytecode.c	202					125
bytecode_op	Bnconc	Bnconc	src/bytecode.c	246					164
bytecode_op	Bnegate	Bnegate	src/bytecode.c	165					91
bytecode_op	Bnot	Bnot	src/bytecode.c	137					63
bytecode_op	Bnreverse	Bnreverse	src/bytecode.c	241					159
bytecode_op	Bnth	Bnth	src/bytecode.c	130					56
bytecode_op	Bnthcdr	Bnthcdr	src/bytecode.c	237					155
bytecode_op	Bnumberp	Bnumberp	src/bytecode.c	249					167
bytecode_op	Bplus	Bplus	src/bytecode.c	166					92
bytecode_op	Bpoint	Bpoint	src/bytecode.c	171					96
bytecode_op	Bpoint_max	Bpoint_max	src/bytecode.c	176					100
bytecode_op	Bpoint_min	Bpoint_min	src/bytecode.c	177					101
bytecode_op	Bpopexception	Bpopexception	src/bytecode.c	126					48
bytecode_op	Bpreceding_char	Bpreceding_char	src/bytecode.c	180					104
bytecode_op	Bpushcatch	Bpushcatch	src/bytecode.c	128					50
bytecode_op	Bpushconditioncase	Bpushconditioncase	src/bytecode.c	127					49
bytecode_op	Bquo	Bquo	src/bytecode.c	247					165
bytecode_op	Brem	Brem	src/bytecode.c	248					166
bytecode_op	Breturn	Breturn	src/bytecode.c	212					135
bytecode_op	Bsave_current_buffer	Bsave_current_buffer	src/bytecode.c	190					114
bytecode_op	Bsave_current_buffer_OBSOLETE	Bsave_current_buffer_OBSOLETE	src/bytecode.c	173					97
bytecode_op	Bsave_excursion	Bsave_excursion	src/bytecode.c	216					138
bytecode_op	Bsave_restriction	Bsave_restriction	src/bytecode.c	218					140
bytecode_op	Bsave_window_excursion	Bsave_window_excursion	src/bytecode.c	217					139
bytecode_op	Bset	Bset	src/bytecode.c	150					76
bytecode_op	Bset_buffer	Bset_buffer	src/bytecode.c	189					113
bytecode_op	Bset_marker	Bset_marker	src/bytecode.c	228					147
bytecode_op	Bsetcar	Bsetcar	src/bytecode.c	242					160
bytecode_op	Bsetcdr	Bsetcdr	src/bytecode.c	243					161
bytecode_op	Bskip_chars_backward	Bskip_chars_backward	src/bytecode.c	197					120
bytecode_op	Bskip_chars_forward	Bskip_chars_forward	src/bytecode.c	196					119
bytecode_op	Bstack_ref	Bstack_ref	src/bytecode.c	77					0
bytecode_op	Bstack_ref1	Bstack_ref1	src/bytecode.c	78					1
bytecode_op	Bstack_ref2	Bstack_ref2	src/bytecode.c	79					2
bytecode_op	Bstack_ref3	Bstack_ref3	src/bytecode.c	80					3
bytecode_op	Bstack_ref4	Bstack_ref4	src/bytecode.c	81					4
bytecode_op	Bstack_ref5	Bstack_ref5	src/bytecode.c	82					5
bytecode_op	Bstack_ref6	Bstack_ref6	src/bytecode.c	83					6
bytecode_op	Bstack_ref7	Bstack_ref7	src/bytecode.c	84					7
bytecode_op	Bstack_set	Bstack_set	src/bytecode.c	259					178
bytecode_op	Bstack_set2	Bstack_set2	src/bytecode.c	260					179
bytecode_op	Bstringeqlsign	Bstringeqlsign	src/bytecode.c	234					152
bytecode_op	Bstringlss	Bstringlss	src/bytecode.c	235					153
bytecode_op	Bstringp	Bstringp	src/bytecode.c	133					59
bytecode_op	Bsub1	Bsub1	src/bytecode.c	157					83
bytecode_op	Bsubstring	Bsubstring	src/bytecode.c	153					79
bytecode_op	Bswitch	Bswitch	src/bytecode.c	263					183
bytecode_op	Bsymbol_function	Bsymbol_function	src/bytecode.c	149					75
bytecode_op	Bsymbol_value	Bsymbol_value	src/bytecode.c	148					74
bytecode_op	Bsymbolp	Bsymbolp	src/bytecode.c	131					57
bytecode_op	Btemp_output_buffer_setup	Btemp_output_buffer_setup	src/bytecode.c	223					144
bytecode_op	Btemp_output_buffer_show	Btemp_output_buffer_show	src/bytecode.c	224					145
bytecode_op	Bunbind	Bunbind	src/bytecode.c	117					40
bytecode_op	Bunbind1	Bunbind1	src/bytecode.c	118					41
bytecode_op	Bunbind2	Bunbind2	src/bytecode.c	119					42
bytecode_op	Bunbind3	Bunbind3	src/bytecode.c	120					43
bytecode_op	Bunbind4	Bunbind4	src/bytecode.c	121					44
bytecode_op	Bunbind5	Bunbind5	src/bytecode.c	122					45
bytecode_op	Bunbind6	Bunbind6	src/bytecode.c	123					46
bytecode_op	Bunbind7	Bunbind7	src/bytecode.c	124					47
bytecode_op	Bunwind_protect	Bunwind_protect	src/bytecode.c	221					142
bytecode_op	Bupcase	Bupcase	src/bytecode.c	231					150
bytecode_op	Bvarbind	Bvarbind	src/bytecode.c	101					24
bytecode_op	Bvarbind1	Bvarbind1	src/bytecode.c	102					25
bytecode_op	Bvarbind2	Bvarbind2	src/bytecode.c	103					26
bytecode_op	Bvarbind3	Bvarbind3	src/bytecode.c	104					27
bytecode_op	Bvarbind4	Bvarbind4	src/bytecode.c	105					28
bytecode_op	Bvarbind5	Bvarbind5	src/bytecode.c	106					29
bytecode_op	Bvarbind6	Bvarbind6	src/bytecode.c	107					30
bytecode_op	Bvarbind7	Bvarbind7	src/bytecode.c	108					31
bytecode_op	Bvarref	Bvarref	src/bytecode.c	85					8
bytecode_op	Bvarref1	Bvarref1	src/bytecode.c	86					9
bytecode_op	Bvarref2	Bvarref2	src/bytecode.c	87					10
bytecode_op	Bvarref3	Bvarref3	src/bytecode.c	88					11
bytecode_op	Bvarref4	Bvarref4	src/bytecode.c	89					12
bytecode_op	Bvarref5	Bvarref5	src/bytecode.c	90					13
bytecode_op	Bvarref6	Bvarref6	src/bytecode.c	91					14
bytecode_op	Bvarref7	Bvarref7	src/bytecode.c	92					15
bytecode_op	Bvarset	Bvarset	src/bytecode.c	93					16
bytecode_op	Bvarset1	Bvarset1	src/bytecode.c	94					17
bytecode_op	Bvarset2	Bvarset2	src/bytecode.c	95					18
bytecode_op	Bvarset3	Bvarset3	src/bytecode.c	96					19
bytecode_op	Bvarset4	Bvarset4	src/bytecode.c	97					20
bytecode_op	Bvarset5	Bvarset5	src/bytecode.c	98					21
bytecode_op	Bvarset6	Bvarset6	src/bytecode.c	99					22
bytecode_op	Bvarset7	Bvarset7	src/bytecode.c	100					23
bytecode_op	Bwiden	Bwiden	src/bytecode.c	203					126
special_form	and	Fand	src/eval.c	314	0		0	UNEVALLED	-
special_form	catch	Fcatch	src/eval.c	1154	1		1	UNEVALLED	-
special_form	cond	Fcond	src/eval.c	352	0		0	UNEVALLED	-
special_form	condition-case	Fcondition_case	src/eval.c	1273	2		2	UNEVALLED	-
special_form	defconst	Fdefconst	src/eval.c	826	2		2	UNEVALLED	-
special_form	defvar	Fdefvar	src/eval.c	758	1		1	UNEVALLED	-
special_form	function	Ffunction	src/eval.c	514	1		1	UNEVALLED	-
special_form	if	Fif	src/eval.c	335	2		2	UNEVALLED	-
special_form	interactive	Finteractive	src/callint.c	37	0		0	UNEVALLED	-
special_form	let	Flet	src/eval.c	1000	1		1	UNEVALLED	-
special_form	let*	FletX	src/eval.c	988	1		1	UNEVALLED	-
special_form	or	For	src/eval.c	293	0		0	UNEVALLED	-
special_form	prog1	Fprog1	src/eval.c	407	1		1	UNEVALLED	-
special_form	progn	Fprogn	src/eval.c	382	0		0	UNEVALLED	-
special_form	quote	Fquote	src/eval.c	469	1		1	UNEVALLED	-
special_form	save-current-buffer	Fsave_current_buffer	src/editfns.c	869	0		0	UNEVALLED	-
special_form	save-excursion	Fsave_excursion	src/editfns.c	842	0		0	UNEVALLED	-
special_form	save-restriction	Fsave_restriction	src/editfns.c	2822	0		0	UNEVALLED	-
special_form	setq	Fsetq	src/eval.c	437	0		0	UNEVALLED	-
special_form	unwind-protect	Funwind_protect	src/eval.c	1257	1		1	UNEVALLED	-
special_form	while	Fwhile	src/eval.c	1012	1		1	UNEVALLED	-
subr	%	Frem	src/data.c	3116	2	2	2	2	-
subr	*	Ftimes	src/data.c	3018	0		0	MANY	-
subr	+	Fplus	src/data.c	2985	0		0	MANY	-
subr	-	Fminus	src/data.c	2996	0		0	MANY	-
subr	/	Fquo	src/data.c	3029	1		1	MANY	-
subr	/=	Fneq	src/data.c	2594	2	2	2	2	-
subr	1+	Fadd1	src/data.c	3323	1	1	1	1	-
subr	1-	Fsub1	src/data.c	3338	1	1	1	1	-
subr	<	Flss	src/data.c	2550	1		1	MANY	-
subr	<=	Fleq	src/data.c	2572	1		1	MANY	-
subr	=	Feqlsign	src/data.c	2542	1		1	MANY	-
subr	>	Fgtr	src/data.c	2561	1		1	MANY	-
subr	>=	Fgeq	src/data.c	2583	1		1	MANY	-
subr	Snarf-documentation	Fsnarf_documentation	src/doc.c	492	1	1	1	1	-
subr	abort-minibuffers	Fabort_minibuffers	src/minibuf.c	472	0	0	0	0	-
subr	abort-recursive-edit	Fabort_recursive_edit	src/keyboard.c	1404	0	0	0	0	-
subr	abs	Fabs	src/floatfns.c	268	1	1	1	1	-
subr	accept-process-output	Faccept_process_output	src/process.c	4590	0	4	0	4	-
subr	access-file	Faccess_file	src/fileio.c	2929	2	2	2	2	-
subr	accessible-keymaps	Faccessible_keymaps	src/keymap.c	1995	1	2	1	2	-
subr	acos	Facos	src/floatfns.c	85	1	1	1	1	-
subr	active-minibuffer-window	Factive_minibuffer_window	src/minibuf.c	215	0	0	0	0	-
subr	add-face-text-property	Fadd_face_text_property	src/textprop.c	1353	3	5	3	5	-
subr	add-name-to-file	Fadd_name_to_file	src/fileio.c	2708	2	3	2	3	-
subr	add-text-properties	Fadd_text_properties	src/textprop.c	1304	3	4	3	4	-
subr	add-variable-watcher	Fadd_variable_watcher	src/data.c	1648	2	2	2	2	-
subr	all-completions	Fall_completions	src/minibuf.c	1811	2	4	2	4	-
subr	all-threads	Fall_threads	src/thread.c	968	0	0	0	0	-
subr	append	Fappend	src/fns.c	708	0		0	MANY	-
subr	apply	Fapply	src/eval.c	2404	1		1	MANY	-
subr	aref	Faref	src/data.c	2236	2	2	2	2	-
subr	arrayp	Farrayp	src/data.c	539	1	1	1	1	-
subr	aset	Faset	src/data.c	2282	3	3	3	3	-
subr	ash	Fash	src/data.c	3233	2	2	2	2	-
subr	asin	Fasin	src/floatfns.c	94	1	1	1	1	-
subr	assoc	Fassoc	src/fns.c	1997	2	3	2	3	-
subr	assoc-string	Fassoc_string	src/minibuf.c	2174	2	3	2	3	-
subr	assq	Fassq	src/fns.c	1957	2	2	2	2	-
subr	atan	Fatan	src/floatfns.c	103	1	2	1	2	-
subr	atom	Fatom	src/data.c	418	1	1	1	1	-
subr	autoload	Fautoload	src/eval.c	2093	2	5	2	5	-
subr	autoload-do-load	Fautoload_do_load	src/eval.c	2182	1	3	1	3	-
subr	backtrace--frames-from-thread	Fbacktrace_frames_from_thread	src/eval.c	3551	1	1	1	1	-
subr	backtrace--locals	Fbacktrace__locals	src/eval.c	3729	1	2	1	2	-
subr	backtrace-debug	Fbacktrace_debug	src/eval.c	3502	2	3	2	3	-
subr	backtrace-eval	Fbacktrace_eval	src/eval.c	3706	2	3	2	3	-
subr	backtrace-frame--internal	Fbacktrace_frame_internal	src/eval.c	3542	3	3	3	3	-
subr	backward-char	Fbackward_char	src/cmds.c	83	0	1	0	1	-
subr	backward-prefix-chars	Fbackward_prefix_chars	src/syntax.c	3061	0	0	0	0	-
subr	barf-if-buffer-read-only	Fbarf_if_buffer_read_only	src/buffer.c	2615	0	1	0	1	-
subr	base64-decode-region	Fbase64_decode_region	src/fns.c	4251	2	4	2	4	-
subr	base64-decode-string	Fbase64_decode_string	src/fns.c	4326	1	3	1	3	-
subr	base64-encode-region	Fbase64_encode_region	src/fns.c	3998	2	3	2	3	-
subr	base64-encode-string	Fbase64_encode_string	src/fns.c	4085	1	2	1	2	-
subr	base64url-encode-region	Fbase64url_encode_region	src/fns.c	4016	2	3	2	3	-
subr	base64url-encode-string	Fbase64url_encode_string	src/fns.c	4096	1	2	1	2	-
subr	beginning-of-line	Fbeginning_of_line	src/cmds.c	150	0	1	0	1	-
subr	bidi-find-overridden-directionality	Fbidi_find_overridden_directionality	src/xdisp.c	22302	3	4	3	4	-
subr	bidi-resolved-levels	Fbidi_resolved_levels	src/xdisp.c	22903	0	1	0	1	-
subr	bobp	Fbobp	src/editfns.c	1025	0	0	0	0	-
subr	bolp	Fbolp	src/editfns.c	1045	0	0	0	0	-
subr	bool-vector	Fbool_vector	src/alloc.c	1443	0		0	MANY	-
subr	bool-vector-count-consecutive	Fbool_vector_count_consecutive	src/data.c	3612	3	3	3	3	-
subr	bool-vector-count-population	Fbool_vector_count_population	src/data.c	3587	1	1	1	1	-
subr	bool-vector-exclusive-or	Fbool_vector_exclusive_or	src/data.c	3493	2	3	2	3	-
subr	bool-vector-intersection	Fbool_vector_intersection	src/data.c	3515	2	3	2	3	-
subr	bool-vector-not	Fbool_vector_not	src/data.c	3546	1	2	1	2	-
subr	bool-vector-p	Fbool_vector_p	src/data.c	530	1	1	1	1	-
subr	bool-vector-set-difference	Fbool_vector_set_difference	src/data.c	3526	2	3	2	3	-
subr	bool-vector-subsetp	Fbool_vector_subsetp	src/data.c	3537	2	2	2	2	-
subr	bool-vector-union	Fbool_vector_union	src/data.c	3504	2	3	2	3	-
subr	boundp	Fboundp	src/data.c	1457	1	1	1	1	-
subr	buffer-base-buffer	Fbuffer_base_buffer	src/buffer.c	1588	0	1	0	1	-
subr	buffer-chars-modified-tick	Fbuffer_chars_modified_tick	src/buffer.c	1853	0	1	0	1	-
subr	buffer-enable-undo	Fbuffer_enable_undo	src/buffer.c	2013	0	1	0	1	-
subr	buffer-file-name	Fbuffer_file_name	src/buffer.c	1580	0	1	0	1	-
subr	buffer-hash	Fbuffer_hash	src/fns.c	6290	0	1	0	1	-
subr	buffer-last-name	Fbuffer_last_name	src/buffer.c	1569	0	1	0	1	-
subr	buffer-line-statistics	Fbuffer_line_statistics	src/fns.c	6335	0	1	0	1	-
subr	buffer-list	Fbuffer_list	src/buffer.c	389	0	1	0	1	-
subr	buffer-live-p	Fbuffer_live_p	src/buffer.c	380	1	1	1	1	-
subr	buffer-local-value	Fbuffer_local_value	src/buffer.c	1602	2	2	2	2	-
subr	buffer-local-variables	Fbuffer_local_variables	src/buffer.c	1673	0	1	0	1	-
subr	buffer-modified-p	Fbuffer_modified_p	src/buffer.c	1702	0	1	0	1	-
subr	buffer-modified-tick	Fbuffer_modified_tick	src/buffer.c	1828	0	1	0	1	-
subr	buffer-monospace-p	Fbuffer_monospace_p	src/buffer.c	368	0	1	0	1	-
subr	buffer-name	Fbuffer_name	src/buffer.c	1560	0	1	0	1	-
subr	buffer-size	Fbuffer_size	src/editfns.c	881	0	1	0	1	-
subr	buffer-string	Fbuffer_string	src/editfns.c	1708	0	0	0	0	-
subr	buffer-substring	Fbuffer_substring	src/editfns.c	1672	2	2	2	2	-
subr	buffer-substring-no-properties	Fbuffer_substring_no_properties	src/editfns.c	1692	2	2	2	2	-
subr	buffer-swap-text	Fbuffer_swap_text	src/buffer.c	2726	1	1	1	1	-
subr	buffer-text-pixel-size	Fbuffer_text_pixel_size	src/xdisp.c	9837	0	4	0	4	-
subr	bufferp	Fbufferp	src/data.c	557	1	1	1	1	-
subr	bury-buffer-internal	Fbury_buffer_internal	src/buffer.c	2416	1	1	1	1	-
subr	byte-code	Fbyte_code	src/bytecode.c	301	3	3	3	3	-
subr	byte-code-function-p	Fbyte_code_function_p	src/data.c	607	1	1	1	1	-
subr	byte-to-position	Fbyte_to_position	src/editfns.c	972	1	1	1	1	-
subr	byte-to-string	Fbyte_to_string	src/editfns.c	163	1	1	1	1	-
subr	byteorder	Fbyteorder	src/data.c	3364	0	0	0	0	-
subr	call-interactively	Fcall_interactively	src/callint.c	252	1	3	1	3	-
subr	call-last-kbd-macro	Fcall_last_kbd_macro	src/macros.c	227	0	2	0	2	-
subr	call-process	Fcall_process	src/callproc.c	250	1		1	MANY	-
subr	call-process-region	Fcall_process_region	src/callproc.c	1027	3		3	MANY	-
subr	cancel-kbd-macro-events	Fcancel_kbd_macro_events	src/macros.c	209	0	0	0	0	-
subr	capitalize	Fcapitalize	src/casefiddle.c	400	1	1	1	1	-
subr	capitalize-region	Fcapitalize_region	src/casefiddle.c	614	2	3	2	3	-
subr	capitalize-word	Fcapitalize_word	src/casefiddle.c	678	1	1	1	1	-
subr	car	Fcar	src/data.c	735	1	1	1	1	-
subr	car-less-than-car	Fcar_less_than_car	src/fileio.c	5634	2	2	2	2	-
subr	car-safe	Fcar_safe	src/data.c	746	1	1	1	1	-
subr	case-table-p	Fcase_table_p	src/casetab.c	35	1	1	1	1	-
subr	category-docstring	Fcategory_docstring	src/category.c	126	1	2	1	2	-
subr	category-set-mnemonics	Fcategory_set_mnemonics	src/category.c	292	1	1	1	1	-
subr	category-table	Fcategory_table	src/category.c	184	0	0	0	0	-
subr	category-table-p	Fcategory_table_p	src/category.c	160	1	1	1	1	-
subr	ccl-execute	Fccl_execute	src/ccl.c	2050	2	2	2	2	-
subr	ccl-execute-on-string	Fccl_execute_on_string	src/ccl.c	2097	3	5	3	5	-
subr	ccl-program-p	Fccl_program_p	src/ccl.c	2029	1	1	1	1	-
subr	cdr	Fcdr	src/data.c	753	1	1	1	1	-
subr	cdr-safe	Fcdr_safe	src/data.c	764	1	1	1	1	-
subr	ceiling	Fceiling	src/floatfns.c	521	1	2	1	2	-
subr	char-after	Fchar_after	src/editfns.c	1064	0	1	0	1	-
subr	char-before	Fchar_before	src/editfns.c	1096	0	1	0	1	-
subr	char-category-set	Fchar_category_set	src/category.c	283	1	1	1	1	-
subr	char-charset	Fchar_charset	src/charset.c	2030	1	2	1	2	-
subr	char-equal	Fchar_equal	src/editfns.c	4044	2	2	2	2	-
subr	char-or-string-p	Fchar_or_string_p	src/data.c	635	1	1	1	1	-
subr	char-resolve-modifiers	Fchar_resolve_modifiers	src/character.c	879	1	1	1	1	-
subr	char-syntax	Fchar_syntax	src/syntax.c	1082	1	1	1	1	-
subr	char-table-extra-slot	Fchar_table_extra_slot	src/chartab.c	549	2	2	2	2	-
subr	char-table-p	Fchar_table_p	src/data.c	511	1	1	1	1	-
subr	char-table-parent	Fchar_table_parent	src/chartab.c	511	1	1	1	1	-
subr	char-table-range	Fchar_table_range	src/chartab.c	579	2	2	2	2	-
subr	char-table-subtype	Fchar_table_subtype	src/chartab.c	500	1	1	1	1	-
subr	char-to-string	Fchar_to_string	src/editfns.c	148	1	1	1	1	-
subr	char-width	Fchar_width	src/character.c	262	1	1	1	1	-
subr	characterp	Fcharacterp	src/character.c	169	1	2	1	2	-
subr	charset-after	Fcharset_after	src/charset.c	2069	0	1	0	1	-
subr	charset-id-internal	Fcharset_id_internal	src/charset.c	2197	0	1	0	1	-
subr	charset-plist	Fcharset_plist	src/charset.c	1301	1	1	1	1	-
subr	charset-priority-list	Fcharset_priority_list	src/charset.c	2125	0	1	0	1	-
subr	charsetp	Fcharsetp	src/charset.c	649	1	1	1	1	-
subr	check-coding-system	Fcheck_coding_system	src/coding.c	8610	1	1	1	1	-
subr	check-coding-systems-region	Fcheck_coding_systems_region	src/coding.c	9285	3	3	3	3	-
subr	circular-list-p	Fcircular_list_p	src/fns.c	244	1	1	1	1	-
subr	cl-type-of	Fcl_type_of	src/data.c	301	1	1	1	1	-
subr	clear-buffer-auto-save-failure	Fclear_buffer_auto_save_failure	src/fileio.c	6285	0	0	0	0	-
subr	clear-charset-maps	Fclear_charset_maps	src/charset.c	2105	0	0	0	0	-
subr	clear-composition-cache	Fclear_composition_cache	src/composite.c	673	0	0	0	0	-
subr	clear-face-cache	Fclear_face_cache	src/xfaces.c	744	0	1	0	1	-
subr	clear-font-cache	Fclear_font_cache	src/font.c	4816	0	0	0	0	-
subr	clear-string	Fclear_string	src/fns.c	3237	1	1	1	1	-
subr	clear-this-command-keys	Fclear_this_command_keys	src/keyboard.c	10742	0	1	0	1	-
subr	close-font	Fclose_font	src/font.c	5508	1	2	1	2	-
subr	closurep	Fclosurep	src/data.c	597	1	1	1	1	-
subr	clrhash	Fclrhash	src/fns.c	5785	1	1	1	1	-
subr	coding-system-aliases	Fcoding_system_aliases	src/coding.c	11609	1	1	1	1	-
subr	coding-system-base	Fcoding_system_base	src/coding.c	11579	1	1	1	1	-
subr	coding-system-eol-type	Fcoding_system_eol_type	src/coding.c	11622	1	1	1	1	-
subr	coding-system-p	Fcoding_system_p	src/coding.c	8560	1	1	1	1	-
subr	coding-system-plist	Fcoding_system_plist	src/coding.c	11594	1	1	1	1	-
subr	coding-system-priority-list	Fcoding_system_priority_list	src/coding.c	10898	0	1	0	1	-
subr	coding-system-put	Fcoding_system_put	src/coding.c	11470	3	3	3	3	-
subr	color-distance	Fcolor_distance	src/xfaces.c	4612	2	4	2	4	-
subr	color-gray-p	Fcolor_gray_p	src/xfaces.c	1208	1	2	1	2	-
subr	color-supported-p	Fcolor_supported_p	src/xfaces.c	1220	1	3	1	3	-
subr	color-values-from-color-spec	Fcolor_values_from_color_spec	src/xfaces.c	976	1	1	1	1	-
subr	command-error-default-function	Fcommand_error_default_function	src/keyboard.c	992	2	3	2	3	-
subr	command-modes	Fcommand_modes	src/data.c	1269	1	1	1	1	-
subr	command-remapping	Fcommand_remapping	src/keymap.c	1215	1	3	1	3	-
subr	commandp	Fcommandp	src/eval.c	1987	1	2	1	2	-
subr	compare-buffer-substrings	Fcompare_buffer_substrings	src/editfns.c	1765	6	6	6	6	-
subr	compare-strings	Fcompare_strings	src/fns.c	357	6	7	6	7	-
subr	completing-read	Fcompleting_read	src/minibuf.c	1961	2	8	2	8	-
subr	compose-region-internal	Fcompose_region_internal	src/composite.c	1781	2	4	2	4	-
subr	compose-string-internal	Fcompose_string_internal	src/composite.c	1801	3	5	3	5	-
subr	composition-get-gstring	Fcomposition_get_gstring	src/composite.c	1676	4	4	4	4	-
subr	composition-sort-rules	Fcomposition_sort_rules	src/composite.c	1910	1	1	1	1	-
subr	compute-motion	Fcompute_motion	src/indent.c	1738	7	7	7	7	-
subr	concat	Fconcat	src/fns.c	729	0		0	MANY	-
subr	condition-mutex	Fcondition_mutex	src/thread.c	445	1	1	1	1	-
subr	condition-name	Fcondition_name	src/thread.c	457	1	1	1	1	-
subr	condition-notify	Fcondition_notify	src/thread.c	414	1	2	1	2	-
subr	condition-variable-p	Fcondition_variable_p	src/data.c	723	1	1	1	1	-
subr	condition-wait	Fcondition_wait	src/thread.c	360	1	1	1	1	-
subr	cons	Fcons	src/alloc.c	1714	2	2	2	2	-
subr	consp	Fconsp	src/data.c	408	1	1	1	1	-
subr	constrain-to-field	Fconstrain_to_field	src/editfns.c	575	2	5	2	5	-
subr	continue-process	Fcontinue_process	src/process.c	6418	0	2	0	2	-
subr	controlling-tty-p	Fcontrolling_tty_p	src/term.c	2216	0	1	0	1	-
subr	coordinates-in-window-p	Fcoordinates_in_window_p	src/window.c	1558	2	2	2	2	-
subr	copy-alist	Fcopy_alist	src/fns.c	1515	1	1	1	1	-
subr	copy-category-table	Fcopy_category_table	src/category.c	232	0	1	0	1	-
subr	copy-file	Fcopy_file	src/fileio.c	2131	2	6	2	6	-
subr	copy-hash-table	Fcopy_hash_table	src/fns.c	5690	1	1	1	1	-
subr	copy-keymap	Fcopy_keymap	src/keymap.c	1017	1	1	1	1	-
subr	copy-marker	Fcopy_marker	src/marker.c	727	0	2	0	2	-
subr	copy-sequence	Fcopy_sequence	src/fns.c	753	1	1	1	1	-
subr	copy-syntax-table	Fcopy_syntax_table	src/syntax.c	1003	0	1	0	1	-
subr	copysign	Fcopysign	src/floatfns.c	164	2	2	2	2	-
subr	cos	Fcos	src/floatfns.c	123	1	1	1	1	-
subr	current-active-maps	Fcurrent_active_maps	src/keymap.c	1648	0	2	0	2	-
subr	current-bidi-paragraph-direction	Fcurrent_bidi_paragraph_direction	src/xdisp.c	22209	0	1	0	1	-
subr	current-buffer	Fcurrent_buffer	src/buffer.c	2491	0	0	0	0	-
subr	current-case-table	Fcurrent_case_table	src/casetab.c	65	0	0	0	0	-
subr	current-column	Fcurrent_column	src/indent.c	299	0	0	0	0	-
subr	current-cpu-time	Fcurrent_cpu_time	src/timefns.c	1808	0	0	0	0	-
subr	current-global-map	Fcurrent_global_map	src/keymap.c	1906	0	0	0	0	-
subr	current-idle-time	Fcurrent_idle_time	src/keyboard.c	4405	0	0	0	0	-
subr	current-indentation	Fcurrent_indentation	src/indent.c	881	0	1	0	1	-
subr	current-input-mode	Fcurrent_input_mode	src/keyboard.c	11303	0	0	0	0	-
subr	current-local-map	Fcurrent_local_map	src/keymap.c	1898	0	0	0	0	-
subr	current-message	Fcurrent_message	src/editfns.c	2956	0	0	0	0	-
subr	current-minor-mode-maps	Fcurrent_minor_mode_maps	src/keymap.c	1913	0	0	0	0	-
subr	current-thread	Fcurrent_thread	src/thread.c	833	0	0	0	0	-
subr	current-time	Fcurrent_time	src/timefns.c	1791	0	0	0	0	-
subr	current-time-string	Fcurrent_time_string	src/timefns.c	1819	0	2	0	2	-
subr	current-time-zone	Fcurrent_time_zone	src/timefns.c	1869	0	2	0	2	-
subr	current-window-configuration	Fcurrent_window_configuration	src/window.c	7755	0	1	0	1	-
subr	daemon-initialized	Fdaemon_initialized	src/emacs.c	3118	0	0	0	0	-
subr	daemonp	Fdaemonp	src/emacs.c	3104	0	0	0	0	-
subr	declare-equiv-charset	Fdeclare_equiv_charset	src/charset.c	1426	4	4	4	4	-
subr	decode-big5-char	Fdecode_big5_char	src/coding.c	10574	1	1	1	1	-
subr	decode-char	Fdecode_char	src/charset.c	1834	2	2	2	2	-
subr	decode-coding-region	Fdecode_coding_region	src/coding.c	9464	3	4	3	4	-
subr	decode-coding-string	Fdecode_coding_string	src/coding.c	10450	2	4	2	4	-
subr	decode-sjis-char	Fdecode_sjis_char	src/coding.c	10493	1	1	1	1	-
subr	decode-time	Fdecode_time	src/timefns.c	1476	0	3	0	3	-
subr	defalias	Fdefalias	src/data.c	1056	2	3	2	3	-
subr	default-boundp	Fdefault_boundp	src/data.c	1798	1	1	1	1	-
subr	default-file-modes	Fdefault_file_modes	src/fileio.c	3652	0	0	0	0	-
subr	default-toplevel-value	Fdefault_toplevel_value	src/eval.c	694	1	1	1	1	-
subr	default-value	Fdefault_value	src/data.c	1811	1	1	1	1	-
subr	defconst-1	Fdefconst_1	src/eval.c	859	2	3	2	3	-
subr	define-category	Fdefine_category	src/category.c	105	2	3	2	3	-
subr	define-charset-alias	Fdefine_charset_alias	src/charset.c	1287	2	2	2	2	-
subr	define-charset-internal	Fdefine_charset_internal	src/charset.c	843			charset_arg_max	MANY	-
subr	define-coding-system-alias	Fdefine_coding_system_alias	src/coding.c	11540	2	2	2	2	-
subr	define-coding-system-internal	Fdefine_coding_system_internal	src/coding.c	10946			coding_arg_max	MANY	-
subr	define-hash-table-test	Fdefine_hash_table_test	src/fns.c	5857	3	3	3	3	-
subr	define-key	Fdefine_key	src/keymap.c	1076	3	4	3	4	-
subr	defvar-1	Fdefvar_1	src/eval.c	818	2	3	2	3	-
subr	defvaralias	Fdefvaralias	src/eval.c	583	2	3	2	3	-
subr	delete	Fdelete	src/fns.c	2102	2	2	2	2	-
subr	delete-all-overlays	Fdelete_all_overlays	src/buffer.c	4004	0	1	0	1	-
subr	delete-and-extract-region	Fdelete_and_extract_region	src/editfns.c	2667	2	2	2	2	-
subr	delete-char	Fdelete_char	src/cmds.c	223	1	2	1	2	-
subr	delete-directory-internal	Fdelete_directory_internal	src/fileio.c	2444	1	1	1	1	-
subr	delete-field	Fdelete_field	src/editfns.c	510	0	1	0	1	-
subr	delete-file-internal	Fdelete_file_internal	src/fileio.c	2463	1	1	1	1	-
subr	delete-frame	Fdelete_frame	src/frame.c	2474	0	2	0	2	-
subr	delete-other-windows-internal	Fdelete_other_windows_internal	src/window.c	3385	0	2	0	2	-
subr	delete-overlay	Fdelete_overlay	src/buffer.c	3920	1	1	1	1	-
subr	delete-process	Fdelete_process	src/process.c	887	0	1	0	1	-
subr	delete-region	Fdelete_region	src/editfns.c	2656	2	2	2	2	-
subr	delete-terminal	Fdelete_terminal	src/terminal.c	365	0	2	0	2	-
subr	delete-window-internal	Fdelete_window_internal	src/window.c	5278	1	1	1	1	-
subr	delq	Fdelq	src/fns.c	2071	2	2	2	2	-
subr	describe-buffer-bindings	Fdescribe_buffer_bindings	src/keymap.c	2819	1	3	1	3	-
subr	describe-vector	Fdescribe_vector	src/keymap.c	3039	1	2	1	2	-
subr	detect-coding-region	Fdetect_coding_region	src/coding.c	8963	2	3	2	3	-
subr	detect-coding-string	Fdetect_coding_string	src/coding.c	8998	1	2	1	2	-
subr	ding	Fding	src/dispnew.c	5933	0	1	0	1	-
subr	directory-file-name	Fdirectory_file_name	src/fileio.c	640	1	1	1	1	-
subr	directory-files	Fdirectory_files	src/dired.c	310	1	5	1	5	-
subr	directory-files-and-attributes	Fdirectory_files_and_attributes	src/dired.c	338	1	6	1	6	-
subr	directory-name-p	Fdirectory_name_p	src/fileio.c	616	1	1	1	1	-
subr	discard-input	Fdiscard_input	src/keyboard.c	10813	0	0	0	0	-
subr	display--line-is-continued-p	Fdisplay__line_is_continued_p	src/xdisp.c	9894	0	0	0	0	-
subr	display--update-for-mouse-movement	Fdisplay__update_for_mouse_movement	src/dispnew.c	3424	2	2	2	2	-
subr	display-supports-face-attributes-p	Fdisplay_supports_face_attributes_p	src/xfaces.c	5516	1	2	1	2	-
subr	do-auto-save	Fdo_auto_save	src/fileio.c	6079	0	2	0	2	-
subr	documentation	Fdocumentation	src/doc.c	321	1	2	1	2	-
subr	documentation-property	Fdocumentation_property	src/doc.c	394	2	3	2	3	-
subr	documentation-stringp	Fdocumentation_stringp	src/doc.c	307	1	1	1	1	-
subr	downcase	Fdowncase	src/casefiddle.c	383	1	1	1	1	-
subr	downcase-region	Fdowncase_region	src/casefiddle.c	603	2	3	2	3	-
subr	downcase-word	Fdowncase_word	src/casefiddle.c	666	1	1	1	1	-
subr	dump-emacs-portable	Fdump_emacs_portable	src/pdumper_write.c	3302	1	1	1	1	-
subr	dump-emacs-portable--sort-predicate	Fdump_emacs_portable__sort_predicate	src/pdumper_write.c	3520	2	2	2	2	-
subr	dump-emacs-portable--sort-predicate-copied	Fdump_emacs_portable__sort_predicate_copied	src/pdumper_write.c	3532	2	2	2	2	-
subr	elt	Felt	src/fns.c	1853	2	2	2	2	-
subr	emacs-pid	Femacs_pid	src/editfns.c	1315	0	0	0	0	-
subr	encode-big5-char	Fencode_big5_char	src/coding.c	10618	1	1	1	1	-
subr	encode-char	Fencode_char	src/charset.c	1854	2	2	2	2	-
subr	encode-coding-region	Fencode_coding_region	src/coding.c	9496	3	4	3	4	-
subr	encode-coding-string	Fencode_coding_string	src/coding.c	10472	2	4	2	4	-
subr	encode-sjis-char	Fencode_sjis_char	src/coding.c	10546	1	1	1	1	-
subr	encode-time	Fencode_time	src/timefns.c	1631	1		1	MANY	-
subr	end-kbd-macro	Fend_kbd_macro	src/macros.c	136	0	2	0	2	-
subr	end-of-line	Fend_of_line	src/cmds.c	174	0	1	0	1	-
subr	eobp	Feobp	src/editfns.c	1035	0	0	0	0	-
subr	eolp	Feolp	src/editfns.c	1054	0	0	0	0	-
subr	eq	Feq	src/data.c	266	2	2	2	2	-
subr	eql	Feql	src/fns.c	2754	2	2	2	2	-
subr	equal	Fequal	src/fns.c	2772	2	2	2	2	-
subr	equal-including-properties	Fequal_including_properties	src/fns.c	2785	2	2	2	2	-
subr	erase-buffer	Ferase_buffer	src/buffer.c	2634	0	0	0	0	-
subr	error-message-string	Ferror_message_string	src/print.c	1026	1	1	1	1	-
subr	eval	Feval	src/eval.c	2224	1	2	1	2	-
subr	eval-buffer	Feval_buffer	src/lread.c	2031	0	5	0	5	-
subr	eval-region	Feval_region	src/lread.c	2087	2	4	2	4	-
subr	event-convert-list	Fevent_convert_list	src/keyboard.c	6752	1	1	1	1	-
subr	execute-kbd-macro	Fexecute_kbd_macro	src/macros.c	275	1	3	1	3	-
subr	exit-recursive-edit	Fexit_recursive_edit	src/keyboard.c	1393	0	0	0	0	-
subr	exp	Fexp	src/floatfns.c	210	1	1	1	1	-
subr	expand-file-name	Fexpand_file_name	src/fileio.c	896	1	2	1	2	-
subr	expt	Fexpt	src/floatfns.c	219	2	2	2	2	-
subr	external-debugging-output	Fexternal_debugging_output	src/print.c	923	1	1	1	1	-
subr	face-attribute-relative-p	Fface_attribute_relative_p	src/xfaces.c	4031	2	2	2	2	-
subr	face-attributes-as-vector	Fface_attributes_as_vector	src/xfaces.c	5172	1	1	1	1	-
subr	face-font	Fface_font	src/xfaces.c	4251	1	3	1	3	-
subr	fboundp	Ffboundp	src/data.c	828	1	1	1	1	-
subr	fceiling	Ffceiling	src/floatfns.c	584	1	1	1	1	-
subr	featurep	Ffeaturep	src/fns.c	3600	1	2	1	2	-
subr	ffloor	Fffloor	src/floatfns.c	595	1	1	1	1	-
subr	field-beginning	Ffield_beginning	src/editfns.c	545	0	3	0	3	-
subr	field-end	Ffield_end	src/editfns.c	560	0	3	0	3	-
subr	field-string	Ffield_string	src/editfns.c	523	0	1	0	1	-
subr	field-string-no-properties	Ffield_string_no_properties	src/editfns.c	534	0	1	0	1	-
subr	file-accessible-directory-p	Ffile_accessible_directory_p	src/fileio.c	3090	1	1	1	1	-
subr	file-acl	Ffile_acl	src/fileio.c	3459	1	1	1	1	-
subr	file-attributes	Ffile_attributes	src/dired.c	877	1	2	1	2	-
subr	file-attributes-lessp	Ffile_attributes_lessp	src/dired.c	1060	2	2	2	2	-
subr	file-directory-p	Ffile_directory_p	src/fileio.c	3021	1	1	1	1	-
subr	file-executable-p	Ffile_executable_p	src/fileio.c	2873	1	1	1	1	-
subr	file-exists-p	Ffile_exists_p	src/fileio.c	2861	1	1	1	1	-
subr	file-locked-p	Ffile_locked_p	src/filelock.c	745	1	1	1	1	-
subr	file-modes	Ffile_modes	src/fileio.c	3569	1	2	1	2	-
subr	file-name-absolute-p	Ffile_name_absolute_p	src/fileio.c	2818	1	1	1	1	-
subr	file-name-all-completions	Ffile_name_all_completions	src/dired.c	417	2	2	2	2	-
subr	file-name-as-directory	Ffile_name_as_directory	src/fileio.c	547	1	1	1	1	-
subr	file-name-case-insensitive-p	Ffile_name_case_insensitive_p	src/fileio.c	2548	1	1	1	1	-
subr	file-name-completion	Ffile_name_completion	src/dired.c	382	2	3	2	3	-
subr	file-name-concat	Ffile_name_concat	src/fileio.c	756	1		1	MANY	-
subr	file-name-directory	Ffile_name_directory	src/fileio.c	346	1	1	1	1	-
subr	file-name-nondirectory	Ffile_name_nondirectory	src/fileio.c	447	1	1	1	1	-
subr	file-newer-than-file-p	Ffile_newer_than_file_p	src/fileio.c	3713	2	2	2	2	-
subr	file-readable-p	Ffile_readable_p	src/fileio.c	2883	1	1	1	1	-
subr	file-regular-p	Ffile_regular_p	src/fileio.c	3189	1	1	1	1	-
subr	file-selinux-context	Ffile_selinux_context	src/fileio.c	3322	1	1	1	1	-
subr	file-symlink-p	Ffile_symlink_p	src/fileio.c	2998	1	1	1	1	-
subr	file-system-info	Ffile_system_info	src/fileio.c	6385	1	1	1	1	-
subr	file-writable-p	Ffile_writable_p	src/fileio.c	2891	1	1	1	1	-
subr	fillarray	Ffillarray	src/fns.c	3181	2	2	2	2	-
subr	find-buffer	Ffind_buffer	src/buffer.c	506	2	2	2	2	-
subr	find-charset-region	Ffind_charset_region	src/charset.c	1523	2	3	2	3	-
subr	find-charset-string	Ffind_charset_string	src/charset.c	1575	1	2	1	2	-
subr	find-coding-systems-region-internal	Ffind_coding_systems_region_internal	src/coding.c	9050	2	3	2	3	-
subr	find-composition-internal	Ffind_composition_internal	src/composite.c	1820	4	4	4	4	-
subr	find-file-long-lines-p	Ffind_file_long_lines_p	src/fileio.c	3302	1	1	1	1	-
subr	find-file-name-handler	Ffind_file_name_handler	src/fileio.c	285	2	2	2	2	-
subr	find-font	Ffind_font	src/font.c	4706	1	2	1	2	-
subr	find-operation-coding-system	Ffind_operation_coding_system	src/coding.c	10726	1		1	MANY	-
subr	float	Ffloat	src/floatfns.c	296	1	1	1	1	-
subr	float-time	Ffloat_time	src/timefns.c	1275	0	1	0	1	-
subr	floatp	Ffloatp	src/data.c	695	1	1	1	1	-
subr	floor	Ffloor	src/floatfns.c	530	1	2	1	2	-
subr	flush-standard-output	Fflush_standard_output	src/print.c	913	0	0	0	0	-
subr	fmakunbound	Ffmakunbound	src/data.c	856	1	1	1	1	-
subr	following-char	Ffollowing_char	src/editfns.c	993	0	0	0	0	-
subr	font-at	Ffont_at	src/font.c	5743	1	3	1	3	-
subr	font-family-list	Ffont_family_list	src/font.c	4682	0	1	0	1	-
subr	font-get	Ffont_get	src/font.c	4453	2	2	2	2	-
subr	font-get-glyphs	Ffont_get_glyphs	src/font.c	5602	3	4	3	4	-
subr	font-has-char-p	Ffont_has_char_p	src/font.c	5575	2	3	2	3	-
subr	font-match-p	Ffont_match_p	src/font.c	5732	2	2	2	2	-
subr	font-put	Ffont_put	src/font.c	4601	3	3	3	3	-
subr	font-shape-gstring	Ffont_shape_gstring	src/font.c	4844	2	2	2	2	-
subr	font-spec	Ffont_spec	src/font.c	4263	0		0	MANY	-
subr	font-variation-glyphs	Ffont_variation_glyphs	src/font.c	4932	2	2	2	2	-
subr	font-xlfd-name	Ffont_xlfd_name	src/font.c	4718	1	3	1	3	-
subr	fontp	Ffontp	src/font.c	4244	1	2	1	2	-
subr	force-mode-line-update	Fforce_mode_line_update	src/buffer.c	1716	0	1	0	1	-
subr	force-window-update	Fforce_window_update	src/window.c	4382	0	1	0	1	-
subr	format	Fformat	src/editfns.c	3012	1		1	MANY	-
subr	format-message	Fformat_message	src/editfns.c	3088	1		1	MANY	-
subr	format-mode-line	Fformat_mode_line	src/xdisp.c	24183	1	4	1	4	-
subr	format-network-address	Fformat_network_address	src/process.c	1446	1	2	1	2	-
subr	format-time-string	Fformat_time_string	src/timefns.c	1388	1	3	1	3	-
subr	forward-char	Fforward_char	src/cmds.c	69	0	1	0	1	-
subr	forward-comment	Fforward_comment	src/syntax.c	2404	1	1	1	1	-
subr	forward-line	Fforward_line	src/cmds.c	97	0	1	0	1	-
subr	forward-word	Fforward_word	src/syntax.c	1549	0	1	0	1	-
subr	frame--face-hash-table	Fframe_face_hash_table	src/xfaces.c	4398	0	1	0	1	-
subr	frame--set-was-invisible	Fframe__set_was_invisible	src/frame.c	6036	2	2	2	2	-
subr	frame-after-make-frame	Fframe_after_make_frame	src/frame.c	3079	2	2	2	2	-
subr	frame-ancestor-p	Fframe_ancestor_p	src/frame.c	1717	2	2	2	2	-
subr	frame-bottom-divider-width	Fbottom_divider_width	src/frame.c	3753	0	1	0	1	-
subr	frame-char-height	Fframe_char_height	src/frame.c	3560	0	1	0	1	-
subr	frame-char-width	Fframe_char_width	src/frame.c	3578	0	1	0	1	-
subr	frame-child-frame-border-width	Fframe_child_frame_border_width	src/frame.c	3725	0	1	0	1	-
subr	frame-first-window	Fframe_first_window	src/window.c	388	0	1	0	1	-
subr	frame-focus	Fframe_focus	src/frame.c	3053	0	1	0	1	-
subr	frame-font-cache	Fframe_font_cache	src/font.c	5815	0	1	0	1	-
subr	frame-fringe-width	Ffringe_width	src/frame.c	3718	0	1	0	1	-
subr	frame-internal-border-width	Fframe_internal_border_width	src/frame.c	3739	0	1	0	1	-
subr	frame-list	Fframe_list	src/frame.c	1651	0	0	0	0	-
subr	frame-live-p	Fframe_live_p	src/frame.c	258	1	1	1	1	-
subr	frame-native-height	Fframe_native_height	src/frame.c	3616	0	1	0	1	-
subr	frame-native-width	Fframe_native_width	src/frame.c	3596	0	1	0	1	-
subr	frame-old-selected-window	Fframe_old_selected_window	src/window.c	438	0	1	0	1	-
subr	frame-or-buffer-changed-p	Fframe_or_buffer_changed_p	src/dispnew.c	6131	0	1	0	1	-
subr	frame-parameter	Fframe_parameter	src/frame.c	3421	2	2	2	2	-
subr	frame-parameters	Fframe_parameters	src/frame.c	3329	0	1	0	1	-
subr	frame-parent	Fframe_parent	src/frame.c	1670	0	1	0	1	-
subr	frame-pointer-visible-p	Fframe_pointer_visible_p	src/frame.c	6026	0	1	0	1	-
subr	frame-position	Fframe_position	src/frame.c	3859	0	1	0	1	-
subr	frame-right-divider-width	Fright_divider_width	src/frame.c	3746	0	1	0	1	-
subr	frame-root-window	Fframe_root_window	src/window.c	348	0	1	0	1	-
subr	frame-scale-factor	Fframe_scale_factor	src/frame.c	3939	0	1	0	1	-
subr	frame-scroll-bar-height	Fscroll_bar_height	src/frame.c	3711	0	1	0	1	-
subr	frame-scroll-bar-width	Fscroll_bar_width	src/frame.c	3704	0	1	0	1	-
subr	frame-selected-window	Fframe_selected_window	src/window.c	414	0	1	0	1	-
subr	frame-terminal	Fframe_terminal	src/terminal.c	406	0	1	0	1	-
subr	frame-text-cols	Fframe_text_cols	src/frame.c	3662	0	1	0	1	-
subr	frame-text-height	Fframe_text_height	src/frame.c	3697	0	1	0	1	-
subr	frame-text-lines	Fframe_text_lines	src/frame.c	3669	0	1	0	1	-
subr	frame-text-width	Fframe_text_width	src/frame.c	3690	0	1	0	1	-
subr	frame-total-cols	Fframe_total_cols	src/frame.c	3676	0	1	0	1	-
subr	frame-total-lines	Fframe_total_lines	src/frame.c	3683	0	1	0	1	-
subr	frame-visible-p	Fframe_visible_p	src/frame.c	2930	1	1	1	1	-
subr	frame-window-state-change	Fframe_window_state_change	src/frame.c	3906	0	1	0	1	-
subr	framep	Fframep	src/frame.c	221	1	1	1	1	-
subr	frexp	Ffrexp	src/floatfns.c	182	1	1	1	1	-
subr	fround	Ffround	src/floatfns.c	606	1	1	1	1	-
subr	fset	Ffset	src/data.c	956	2	2	2	2	-
subr	fset-local	Ffset_local	src/data.c	931	2	2	2	2	-
subr	ftruncate	Fftruncate	src/floatfns.c	616	1	1	1	1	-
subr	func-arity	Ffunc_arity	src/eval.c	3013	1	1	1	1	-
subr	funcall	Ffuncall	src/eval.c	2759	1		1	MANY	-
subr	funcall-interactively	Ffuncall_interactively	src/callint.c	241	1		1	MANY	-
subr	funcall-with-delayed-message	Ffuncall_with_delayed_message	src/eval.c	1058	3	3	3	3	-
subr	function-equal	Ffunction_equal	src/profiler.c	666	2	2	2	2	-
subr	functionp	Ffunctionp	src/eval.c	2683	1	1	1	1	-
subr	gap-position	Fgap_position	src/editfns.c	941	0	0	0	0	-
subr	gap-size	Fgap_size	src/editfns.c	951	0	0	0	0	-
subr	garbage-collect	Fgarbage_collect	src/alloc.c	3912	0	0	0	0	-
subr	garbage-collect-maybe	Fgarbage_collect_maybe	src/alloc.c	3960	1	1	1	1	-
subr	gc-counts	Fgc_counts	src/alloc.c	3921	0	0	0	0	-
subr	generate-new-buffer-name	Fgenerate_new_buffer_name	src/buffer.c	1511	1	2	1	2	-
subr	get	Fget	src/fns.c	2618	2	2	2	2	-
subr	get-buffer	Fget_buffer	src/buffer.c	444	1	1	1	1	-
subr	get-buffer-create	Fget_buffer_create	src/buffer.c	533	1	2	1	2	-
subr	get-buffer-process	Fget_buffer_process	src/process.c	7196	1	1	1	1	-
subr	get-buffer-window	Fget_buffer_window	src/window.c	3227	0	2	0	2	-
subr	get-byte	Fget_byte	src/character.c	894	0	2	0	2	-
subr	get-char-property	Fget_char_property	src/textprop.c	683	2	3	2	3	-
subr	get-char-property-and-overlay	Fget_char_property_and_overlay	src/textprop.c	697	2	3	2	3	-
subr	get-display-property	Fget_display_property	src/xdisp.c	4698	2	4	2	4	-
subr	get-file-buffer	Fget_file_buffer	src/buffer.c	458	1	1	1	1	-
subr	get-internal-run-time	Fget_internal_run_time	src/sysdep.c	4224	0	0	0	0	-
subr	get-load-suffixes	Fget_load_suffixes	src/lread.c	1082	0	0	0	0	-
subr	get-pos-property	Fget_pos_property	src/editfns.c	299	2	3	2	3	-
subr	get-process	Fget_process	src/process.c	817	1	1	1	1	-
subr	get-text-property	Fget_text_property	src/textprop.c	595	2	3	2	3	-
subr	get-truename-buffer	Fget_truename_buffer	src/buffer.c	489	1	1	1	1	-
subr	get-unicode-property-internal	Fget_unicode_property_internal	src/chartab.c	1317	2	2	2	2	-
subr	get-unused-category	Fget_unused_category	src/category.c	138	0	1	0	1	-
subr	get-unused-iso-final-char	Fget_unused_iso_final_char	src/charset.c	1405	2	2	2	2	-
subr	get-variable-watchers	Fget_variable_watchers	src/data.c	1695	1	1	1	1	-
subr	getenv-internal	Fgetenv_internal	src/callproc.c	1680	1	2	1	2	-
subr	gethash	Fgethash	src/fns.c	5797	2	3	2	3	-
subr	gnutls-asynchronous-parameters	Fgnutls_asynchronous_parameters	src/gnutls.c	970	2	2	2	2	-
subr	gnutls-available-p	Fgnutls_available_p	src/gnutls.c	2916	0	0	0	0	-
subr	gnutls-boot	Fgnutls_boot	src/gnutls.c	1891	3	4	3	4	-
subr	gnutls-bye	Fgnutls_bye	src/gnutls.c	2272	2	2	2	2	-
subr	gnutls-ciphers	Fgnutls_ciphers	src/gnutls.c	2325	0	0	0	0	-
subr	gnutls-deinit	Fgnutls_deinit	src/gnutls.c	1068	1	1	1	1	-
subr	gnutls-digests	Fgnutls_digests	src/gnutls.c	2703	0	0	0	0	-
subr	gnutls-error-fatalp	Fgnutls_error_fatalp	src/gnutls.c	1007	1	1	1	1	-
subr	gnutls-error-string	Fgnutls_error_string	src/gnutls.c	1039	1	1	1	1	-
subr	gnutls-errorp	Fgnutls_errorp	src/gnutls.c	993	1	1	1	1	-
subr	gnutls-format-certificate	Fgnutls_format_certificate	src/gnutls.c	1602	1	1	1	1	-
subr	gnutls-get-initstage	Fgnutls_get_initstage	src/gnutls.c	983	1	1	1	1	-
subr	gnutls-hash-digest	Fgnutls_hash_digest	src/gnutls.c	2832	2	2	2	2	-
subr	gnutls-hash-mac	Fgnutls_hash_mac	src/gnutls.c	2733	3	3	3	3	-
subr	gnutls-macs	Fgnutls_macs	src/gnutls.c	2664	0	0	0	0	-
subr	gnutls-peer-status	Fgnutls_peer_status	src/gnutls.c	1377	1	1	1	1	-
subr	gnutls-peer-status-warning-describe	Fgnutls_peer_status_warning_describe	src/gnutls.c	1317	1	1	1	1	-
subr	gnutls-symmetric-decrypt	Fgnutls_symmetric_decrypt	src/gnutls.c	2638	4	5	4	5	-
subr	gnutls-symmetric-encrypt	Fgnutls_symmetric_encrypt	src/gnutls.c	2612	4	5	4	5	-
subr	goto-char	Fgoto_char	src/editfns.c	230	1	1	1	1	-
subr	group-gid	Fgroup_gid	src/editfns.c	1219	0	0	0	0	-
subr	group-name	Fgroup_name	src/editfns.c	1201	1	1	1	1	-
subr	group-real-gid	Fgroup_real_gid	src/editfns.c	1227	0	0	0	0	-
subr	handle-switch-frame	Fhandle_switch_frame	src/frame.c	1616	1	1	1	1	-
subr	handler--bind	Fhandler__bind	src/eval.c	1314	1		1	MANY	-
subr	hash-table-count	Fhash_table_count	src/fns.c	5698	1	1	1	1	-
subr	hash-table-p	Fhash_table_p	src/fns.c	5777	1	1	1	1	-
subr	hash-table-rehash-size	Fhash_table_rehash_size	src/fns.c	5707	1	1	1	1	-
subr	hash-table-rehash-threshold	Fhash_table_rehash_threshold	src/fns.c	5719	1	1	1	1	-
subr	hash-table-size	Fhash_table_size	src/fns.c	5731	1	1	1	1	-
subr	hash-table-test	Fhash_table_test	src/fns.c	5747	1	1	1	1	-
subr	hash-table-weakness	Fhash_table_weakness	src/fns.c	5768	1	1	1	1	-
subr	help--describe-vector	Fhelp__describe_vector	src/keymap.c	3071	7	7	7	7	-
subr	iconify-frame	Ficonify_frame	src/frame.c	2891	0	1	0	1	-
subr	identity	Fidentity	src/fns.c	46	1	1	1	1	-
subr	indent-to	Findent_to	src/indent.c	832	1	2	1	2	-
subr	indirect-function	Findirect_function	src/data.c	2225	1	2	1	2	-
subr	indirect-variable	Findirect_variable	src/data.c	1342	1	1	1	1	-
subr	innermost-minibuffer-p	Finnermost_minibuffer_p	src/minibuf.c	424	0	1	0	1	-
subr	input-pending-p	Finput_pending_p	src/keyboard.c	10545	0	1	0	1	-
subr	insert	Finsert	src/editfns.c	1377	0		0	MANY	-
subr	insert-and-inherit	Finsert_and_inherit	src/editfns.c	1400	0		0	MANY	-
subr	insert-before-markers	Finsert_before_markers	src/editfns.c	1420	0		0	MANY	-
subr	insert-before-markers-and-inherit	Finsert_and_inherit_before_markers	src/editfns.c	1442	0		0	MANY	-
subr	insert-buffer-substring	Finsert_buffer_substring	src/editfns.c	1721	1	3	1	3	-
subr	insert-byte	Finsert_byte	src/editfns.c	1533	2	3	2	3	-
subr	insert-char	Finsert_char	src/editfns.c	1461	1	3	1	3	-
subr	insert-file-contents	Finsert_file_contents	src/fileio.c	3955	1	5	1	5	-
subr	integer-or-marker-p	Finteger_or_marker_p	src/data.c	655	1	1	1	1	-
subr	integerp	Fintegerp	src/data.c	645	1	1	1	1	-
subr	interactive-form	Finteractive_form	src/data.c	1185	1	1	1	1	-
subr	intern	Fintern	src/lread.c	4411	1	2	1	2	-
subr	intern-soft	Fintern_soft	src/lread.c	4446	1	2	1	2	-
subr	internal--define-uninitialized-variable	Finternal__define_uninitialized_variable	src/eval.c	721	1	2	1	2	-
subr	internal--hash-table-buckets	Finternal__hash_table_buckets	src/fns.c	5902	1	1	1	1	-
subr	internal--hash-table-histogram	Finternal__hash_table_histogram	src/fns.c	5874	1	1	1	1	-
subr	internal--hash-table-index-size	Finternal__hash_table_index_size	src/fns.c	5925	1	1	1	1	-
subr	internal--obarray-buckets	Finternal__obarray_buckets	src/lread.c	4808	1	1	1	1	-
subr	internal--set-buffer-modified-tick	Finternal__set_buffer_modified_tick	src/buffer.c	1840	1	2	1	2	-
subr	internal--track-mouse	Finternal_track_mouse	src/keyboard.c	1437	1	1	1	1	-
subr	internal-char-font	Finternal_char_font	src/font.c	5002	1	2	1	2	-
subr	internal-complete-buffer	Finternal_complete_buffer	src/minibuf.c	2127	3	3	3	3	-
subr	internal-copy-lisp-face	Finternal_copy_lisp_face	src/xfaces.c	2989	4	4	4	4	-
subr	internal-default-interrupt-process	Finternal_default_interrupt_process	src/process.c	6339	0	2	0	2	-
subr	internal-default-process-filter	Finternal_default_process_filter	src/process.c	5721	2	2	2	2	-
subr	internal-default-process-sentinel	Finternal_default_process_sentinel	src/process.c	6971	2	2	2	2	-
subr	internal-default-signal-process	Finternal_default_signal_process	src/process.c	6476	2	3	2	3	-
subr	internal-describe-syntax-value	Finternal_describe_syntax_value	src/syntax.c	1273	1	1	1	1	-
subr	internal-event-symbol-parse-modifiers	Fevent_symbol_parse_modifiers	src/keyboard.c	6529	1	1	1	1	-
subr	internal-get-lisp-face-attribute	Finternal_get_lisp_face_attribute	src/xfaces.c	4069	2	3	2	3	-
subr	internal-handle-focus-in	Finternal_handle_focus_in	src/keyboard.c	6811	1	1	1	1	-
subr	internal-lisp-face-attribute-values	Finternal_lisp_face_attribute_values	src/xfaces.c	4134	1	1	1	1	-
subr	internal-lisp-face-empty-p	Finternal_lisp_face_empty_p	src/xfaces.c	4381	1	2	1	2	-
subr	internal-lisp-face-equal-p	Finternal_lisp_face_equal_p	src/xfaces.c	4355	2	3	2	3	-
subr	internal-lisp-face-p	Finternal_lisp_face_p	src/xfaces.c	2964	1	2	1	2	-
subr	internal-make-lisp-face	Finternal_make_lisp_face	src/xfaces.c	2874	1	2	1	2	-
subr	internal-make-var-non-special	Fmake_var_non_special	src/eval.c	873	1	1	1	1	-
subr	internal-merge-in-global-face	Finternal_merge_in_global_face	src/xfaces.c	4155	2	2	2	2	-
subr	internal-set-alternative-font-family-alist	Finternal_set_alternative_font_family_alist	src/xfaces.c	5661	1	1	1	1	-
subr	internal-set-alternative-font-registry-alist	Finternal_set_alternative_font_registry_alist	src/xfaces.c	5690	1	1	1	1	-
subr	internal-set-font-selection-order	Finternal_set_font_selection_order	src/xfaces.c	5601	1	1	1	1	-
subr	internal-set-lisp-face-attribute	Finternal_set_lisp_face_attribute	src/xfaces.c	3061	3	4	3	4	-
subr	internal-show-cursor	Finternal_show_cursor	src/dispnew.c	6496	2	2	2	2	-
subr	internal-show-cursor-p	Finternal_show_cursor_p	src/dispnew.c	6512	0	1	0	1	-
subr	internal-stack-stats	Finternal_stack_stats	src/bytecode.c	419	0	0	0	0	-
subr	internal-subr-documentation	Fsubr_documentation	src/doc.c	375	1	1	1	1	-
subr	interpreted-function-p	Finterpreted_function_p	src/data.c	617	1	1	1	1	-
subr	interrupt-process	Finterrupt_process	src/process.c	6351	0	2	0	2	-
subr	invisible-p	Finvisible_p	src/xdisp.c	25427	1	1	1	1	-
subr	invocation-directory	Finvocation_directory	src/emacs.c	640	0	0	0	0	-
subr	invocation-name	Finvocation_name	src/emacs.c	632	0	0	0	0	-
subr	isnan	Fisnan	src/floatfns.c	150	1	1	1	1	-
subr	iso-charset	Fiso_charset	src/charset.c	2087	3	3	3	3	-
subr	json-insert	Fjson_insert	src/json.c	626	1		1	MANY	-
subr	json-parse-buffer	Fjson_parse_buffer	src/json.c	1685	0		0	MANY	-
subr	json-parse-string	Fjson_parse_string	src/json.c	1635	1		1	MANY	-
subr	json-serialize	Fjson_serialize	src/json.c	588	1		1	MANY	-
subr	key-binding	Fkey_binding	src/keymap.c	1773	1	4	1	4	-
subr	key-description	Fkey_description	src/keymap.c	2077	1	2	1	2	-
subr	keyboard-coding-system	Fkeyboard_coding_system	src/coding.c	10716	0	1	0	1	-
subr	keymap--get-keyelt	Fkeymap__get_keyelt	src/keymap.c	645	2	2	2	2	-
subr	keymap-parent	Fkeymap_parent	src/keymap.c	251	1	1	1	1	-
subr	keymap-prompt	Fkeymap_prompt	src/keymap.c	144	1	1	1	1	-
subr	keymapp	Fkeymapp	src/keymap.c	131	1	1	1	1	-
subr	keywordp	Fkeywordp	src/data.c	459	1	1	1	1	-
subr	kill-all-local-variables	Fkill_all_local_variables	src/buffer.c	3176	0	1	0	1	-
subr	kill-buffer	Fkill_buffer	src/buffer.c	2066	0	1	0	1	-
subr	kill-emacs	Fkill_emacs	src/emacs.c	2685	0	2	0	2	-
subr	kill-local-variable	Fkill_local_variable	src/data.c	2082	1	1	1	1	-
subr	kill-process	Fkill_process	src/process.c	6372	0	2	0	2	-
subr	kqueue-add-watch	Fkqueue_add_watch	src/kqueue.c	338	3	3	3	3	-
subr	kqueue-rm-watch	Fkqueue_rm_watch	src/kqueue.c	475	1	1	1	1	-
subr	kqueue-valid-p	Fkqueue_valid_p	src/kqueue.c	505	1	1	1	1	-
subr	last-nonminibuffer-frame	Flast_nonminibuf_frame	src/frame.c	1886	0	0	0	0	-
subr	lcms-cam02-ucs	Flcms_cam02_ucs	src/lcms.c	481	2	4	2	4	-
subr	lcms-cie-de2000	Flcms_cie_de2000	src/lcms.c	113	2	5	2	5	-
subr	lcms-jab->jch	Flcms_jab_to_jch	src/lcms.c	434	1	3	1	3	-
subr	lcms-jch->jab	Flcms_jch_to_jab	src/lcms.c	393	1	3	1	3	-
subr	lcms-jch->xyz	Flcms_jch_to_xyz	src/lcms.c	354	1	3	1	3	-
subr	lcms-temp->white-point	Flcms_temp_to_white_point	src/lcms.c	538	1	1	1	1	-
subr	lcms-xyz->jch	Flcms_xyz_to_jch	src/lcms.c	318	1	3	1	3	-
subr	lcms2-available-p	Flcms2_available_p	src/lcms.c	566	0	0	0	0	-
subr	ldexp	Fldexp	src/floatfns.c	200	2	2	2	2	-
subr	length	Flength	src/fns.c	107	1	1	1	1	-
subr	length<	Flength_less	src/fns.c	176	2	2	2	2	-
subr	length=	Flength_equal	src/fns.c	206	2	2	2	2	-
subr	length>	Flength_greater	src/fns.c	191	2	2	2	2	-
subr	libxml-available-p	Flibxml_available_p	src/xml.c	321	0	0	0	0	-
subr	libxml-parse-html-region	Flibxml_parse_html_region	src/xml.c	276	0	4	0	4	-
subr	libxml-parse-xml-region	Flibxml_parse_xml_region	src/xml.c	297	0	4	0	4	-
subr	line-beginning-position	Fline_beginning_position	src/editfns.c	724	0	1	0	1	-
subr	line-end-position	Fline_end_position	src/editfns.c	779	0	1	0	1	-
subr	line-number-at-pos	Fline_number_at_pos	src/fns.c	6531	0	2	0	2	-
subr	line-number-display-width	Fline_number_display_width	src/indent.c	2036	0	1	0	1	-
subr	line-pixel-height	Fline_pixel_height	src/xdisp.c	1121	0	0	0	0	-
subr	list	Flist	src/alloc.c	1816	0		0	MANY	-
subr	list-fonts	Flist_fonts	src/font.c	4637	1	4	1	4	-
subr	list-system-processes	Flist_system_processes	src/process.c	7301	0	0	0	0	-
subr	listp	Flistp	src/data.c	428	1	1	1	1	-
subr	load	Fload	src/lread.c	1152	1	5	1	5	-
subr	load-average	Fload_average	src/fns.c	3564	0	1	0	1	-
subr	local-variable-if-set-p	Flocal_variable_if_set_p	src/data.c	2137	1	2	1	2	-
subr	local-variable-p	Flocal_variable_p	src/data.c	2092	1	2	1	2	-
subr	locale-info	Flocale_info	src/fns.c	3817	1	1	1	1	-
subr	locate-file-internal	Flocate_file_internal	src/lread.c	1513	2	4	2	4	-
subr	lock-buffer	Flock_buffer	src/filelock.c	700	0	1	0	1	-
subr	lock-file	Flock_file	src/filelock.c	652	1	1	1	1	-
subr	log	Flog	src/floatfns.c	234	1	2	1	2	-
subr	logand	Flogand	src/data.c	3172	0		0	MANY	-
subr	logb	Flogb	src/floatfns.c	305	1	1	1	1	-
subr	logcount	Flogcount	src/data.c	3208	1	1	1	1	-
subr	logior	Flogior	src/data.c	3184	0		0	MANY	-
subr	lognot	Flognot	src/data.c	3353	1	1	1	1	-
subr	logxor	Flogxor	src/data.c	3196	0		0	MANY	-
subr	looking-at	Flooking_at	src/search.c	338	1	2	1	2	-
subr	lookup-key	Flookup_key	src/keymap.c	1289	2	3	2	3	-
subr	lossage-size	Flossage_size	src/keyboard.c	10586	0	1	0	1	-
subr	lower-frame	Flower_frame	src/frame.c	2993	0	1	0	1	-
subr	lread--substitute-object-in-subtree	Flread__substitute_object_in_subtree	src/lread.c	4030	3	3	3	3	-
subr	macroexpand	Fmacroexpand	src/eval.c	1086	1	2	1	2	-
subr	make-bool-vector	Fmake_bool_vector	src/alloc.c	1428	2	2	2	2	-
subr	make-byte-code	Fmake_byte_code	src/alloc.c	2497	4		4	MANY	-
subr	make-category-set	Fmake_category_set	src/category.c	72	1	1	1	1	-
subr	make-category-table	Fmake_category_table	src/category.c	246	0	0	0	0	-
subr	make-char	Fmake_char	src/charset.c	1882	1	5	1	5	-
subr	make-char-table	Fmake_char_table	src/chartab.c	103	1	2	1	2	-
subr	make-closure	Fmake_closure	src/alloc.c	2528	1		1	MANY	-
subr	make-condition-variable	Fmake_condition_variable	src/thread.c	310	1	2	1	2	-
subr	make-directory-internal	Fmake_directory_internal	src/fileio.c	2423	1	1	1	1	-
subr	make-finalizer	Fmake_finalizer	src/alloc.c	2868	1	1	1	1	-
subr	make-frame-invisible	Fmake_frame_invisible	src/frame.c	2862	0	2	0	2	-
subr	make-frame-visible	Fmake_frame_visible	src/frame.c	2824	0	1	0	1	-
subr	make-hash-table	Fmake_hash_table	src/fns.c	5599	0		0	MANY	-
subr	make-indirect-buffer	Fmake_indirect_buffer	src/buffer.c	765	2	4	2	4	-
subr	make-interpreted-closure	Fmake_interpreted_closure	src/eval.c	487	3	5	3	5	-
subr	make-keymap	Fmake_keymap	src/keymap.c	93	0	1	0	1	-
subr	make-list	Fmake_list	src/alloc.c	1833	2	2	2	2	-
subr	make-local-variable	Fmake_local_variable	src/data.c	1968	1	1	1	1	-
subr	make-marker	Fmake_marker	src/alloc.c	2674	0	0	0	0	-
subr	make-mode--overlay	Fmake_mode__overlay	src/buffer.c	1267	3	3	3	3	-
subr	make-mutex	Fmake_mutex	src/thread.c	216	0	1	0	1	-
subr	make-network-process	Fmake_network_process	src/process.c	3542	0		0	MANY	-
subr	make-overlay	Fmake_overlay	src/buffer.c	3775	2	7	2	7	-
subr	make-pipe-process	Fmake_pipe_process	src/process.c	2139	0		0	MANY	-
subr	make-process	Fmake_process	src/process.c	1542	0		0	MANY	-
subr	make-record	Fmake_record	src/alloc.c	2437	3	3	3	3	-
subr	make-serial-process	Fmake_serial_process	src/process.c	2864	0		0	MANY	-
subr	make-sparse-keymap	Fmake_sparse_keymap	src/keymap.c	110	0	1	0	1	-
subr	make-string	Fmake_string	src/alloc.c	1335	2	3	2	3	-
subr	make-symbol	Fmake_symbol	src/alloc.c	2611	1	1	1	1	-
subr	make-symbolic-link	Fmake_symbolic_link	src/fileio.c	2760	2	3	2	3	-
subr	make-temp-file-internal	Fmake_temp_file_internal	src/fileio.c	680	4	4	4	4	-
subr	make-temp-name	Fmake_temp_name	src/fileio.c	740	1	1	1	1	-
subr	make-terminal-frame	Fmake_terminal_frame	src/frame.c	1314	1	1	1	1	-
subr	make-thread	Fmake_thread	src/thread.c	757	1	3	1	3	-
subr	make-variable-buffer-local	Fmake_variable_buffer_local	src/data.c	1913	1	1	1	1	-
subr	make-vector	Fmake_vector	src/alloc.c	2466	2	2	2	2	-
subr	makunbound	Fmakunbound	src/data.c	836	1	1	1	1	-
subr	map-char-table	Fmap_char_table	src/chartab.c	904	2	2	2	2	-
subr	map-charset-chars	Fmap_charset_chars	src/charset.c	794	2	5	2	5	-
subr	map-keymap	Fmap_keymap	src/keymap.c	624	2	3	2	3	-
subr	map-keymap-internal	Fmap_keymap_internal	src/keymap.c	612	2	2	2	2	-
subr	mapatoms	Fmapatoms	src/lread.c	4796	1	2	1	2	-
subr	mapbacktrace	Fmapbacktrace	src/eval.c	3515	1	2	1	2	-
subr	mapc	Fmapc	src/fns.c	3445	2	2	2	2	-
subr	mapcan	Fmapcan	src/fns.c	3461	2	2	2	2	-
subr	mapcar	Fmapcar	src/fns.c	3427	2	2	2	2	-
subr	mapconcat	Fmapconcat	src/fns.c	3361	2	3	2	3	-
subr	maphash	Fmaphash	src/fns.c	5839	2	2	2	2	-
subr	mark-marker	Fmark_marker	src/editfns.c	289	0	0	0	0	-
subr	marker-buffer	Fmarker_buffer	src/marker.c	426	1	1	1	1	-
subr	marker-insertion-type	Fmarker_insertion_type	src/marker.c	748	1	1	1	1	-
subr	marker-last-position	Fmarker_last_position	src/marker.c	457	1	1	1	1	-
subr	marker-position	Fmarker_position	src/marker.c	446	1	1	1	1	-
subr	markerp	Fmarkerp	src/data.c	566	1	1	1	1	-
subr	match-beginning	Fmatch_beginning	src/search.c	2779	1	1	1	1	-
subr	match-data	Fmatch_data	src/search.c	2809	0	3	0	3	-
subr	match-data--translate	Fmatch_data__translate	src/search.c	3042	1	1	1	1	-
subr	match-end	Fmatch_end	src/search.c	2794	1	1	1	1	-
subr	matching-paren	Fmatching_paren	src/syntax.c	1120	1	1	1	1	-
subr	max	Fmax	src/data.c	3154	1		1	MANY	-
subr	max-char	Fmax_char	src/character.c	181	0	1	0	1	-
subr	md5	Fmd5	src/fns.c	6226	1	5	1	5	-
subr	member	Fmember	src/fns.c	1896	2	2	2	2	-
subr	memory-full	Fmemory_full	src/alloc.c	5290	0	0	0	0	-
subr	memory-info	Fmemory_info	src/alloc.c	5297	0	0	0	0	-
subr	memory-use-counts	Fmemory_use_counts	src/alloc.c	5353	0	0	0	0	-
subr	memq	Fmemq	src/fns.c	1911	2	2	2	2	-
subr	memql	Fmemql	src/fns.c	1924	2	2	2	2	-
subr	menu-bar-menu-at-x-y	Fmenu_bar_menu_at_x_y	src/menu.c	1049	2	3	2	3	-
subr	merge-face-attribute	Fmerge_face_attribute	src/xfaces.c	4053	3	3	3	3	-
subr	message	Fmessage	src/editfns.c	2868	1		1	MANY	-
subr	message-box	Fmessage_box	src/editfns.c	2905	1		1	MANY	-
subr	message-or-box	Fmessage_or_box	src/editfns.c	2935	1		1	MANY	-
subr	min	Fmin	src/data.c	3163	1		1	MANY	-
subr	minibuffer-contents	Fminibuffer_contents	src/minibuf.c	528	0	0	0	0	-
subr	minibuffer-contents-no-properties	Fminibuffer_contents_no_properties	src/minibuf.c	538	0	0	0	0	-
subr	minibuffer-depth	Fminibuffer_depth	src/minibuf.c	2212	0	0	0	0	-
subr	minibuffer-innermost-command-loop-p	Fminibuffer_innermost_command_loop_p	src/minibuf.c	438	0	1	0	1	-
subr	minibuffer-prompt	Fminibuffer_prompt	src/minibuf.c	2219	0	0	0	0	-
subr	minibuffer-prompt-end	Fminibuffer_prompt_end	src/minibuf.c	506	0	0	0	0	-
subr	minibuffer-selected-window	Fminibuffer_selected_window	src/window.c	6588	0	0	0	0	-
subr	minibuffer-window	Fminibuffer_window	src/window.c	370	0	1	0	1	-
subr	minibufferp	Fminibufferp	src/minibuf.c	403	0	2	0	2	-
subr	minor-mode-key-binding	Fminor_mode_key_binding	src/keymap.c	1842	1	2	1	2	-
subr	mod	Fmod	src/data.c	3126	2	2	2	2	-
subr	mode-overlay--enter-buffer	Fmake_mode_overlay__enter_buffer	src/buffer.c	1061	2	2	2	2	-
subr	mode-overlay--exit-buffer	Fmake_mode_overlay__exit_buffer	src/buffer.c	1076	2	2	2	2	-
subr	mode-overlay-indirect-p	Fmode_overlay_indirect_p	src/buffer.c	1293	1	1	1	1	-
subr	modify-category-entry	Fmodify_category_entry	src/category.c	314	2	4	2	4	-
subr	modify-frame-parameters	Fmodify_frame_parameters	src/frame.c	3493	2	2	2	2	-
subr	modify-syntax-entry	Fmodify_syntax_entry	src/syntax.c	1211	2	3	2	3	-
subr	module-function-p	Fmodule_function_p	src/data.c	627	1	1	1	1	-
subr	mouse-pixel-position	Fmouse_pixel_position	src/frame.c	2648	0	0	0	0	-
subr	mouse-position	Fmouse_position	src/frame.c	2590	0	0	0	0	-
subr	move-overlay	Fmove_overlay	src/buffer.c	3850	3	4	3	4	-
subr	move-point-visually	Fmove_point_visually	src/xdisp.c	22453	1	1	1	1	-
subr	move-to-column	Fmove_to_column	src/indent.c	999	1	2	1	2	-
subr	move-to-window-line	Fmove_to_window_line	src/window.c	6919	1	1	1	1	-
subr	multibyte-char-to-unibyte	Fmultibyte_char_to_unibyte	src/character.c	207	1	1	1	1	-
subr	multibyte-string-p	Fmultibyte_string_p	src/data.c	500	1	1	1	1	-
subr	mutex-lock	Fmutex_lock	src/thread.c	248	1	1	1	1	-
subr	mutex-name	Fmutex_name	src/thread.c	291	1	1	1	1	-
subr	mutex-unlock	Fmutex_unlock	src/thread.c	275	1	1	1	1	-
subr	mutexp	Fmutexp	src/data.c	714	1	1	1	1	-
subr	narrow-to-region	Fnarrow_to_region	src/editfns.c	2693	2	2	2	2	-
subr	native-comp-available-p	Fnative_comp_available_p	src/comp.c	13	0	0	0	0	-
subr	native-comp-function-p	Fnative_comp_function_p	src/data.c	1118	1	1	1	1	-
subr	natnump	Fnatnump	src/data.c	664	1	1	1	1	-
subr	nconc	Fnconc	src/fns.c	3267	0		0	MANY	-
subr	network-interface-info	Fnetwork_interface_info	src/process.c	4419	1	1	1	1	-
subr	network-interface-list	Fnetwork_interface_list	src/process.c	4373	0	2	0	2	-
subr	network-lookup-address-info	Fnetwork_lookup_address_info	src/process.c	4479	1	3	1	3	-
subr	newline-cache-check	Fnewline_cache_check	src/search.c	3239	0	1	0	1	-
subr	next-char-property-change	Fnext_char_property_change	src/textprop.c	720	1	2	1	2	-
subr	next-frame	Fnext_frame	src/frame.c	1843	0	2	0	2	-
subr	next-overlay-change	Fnext_overlay_change	src/buffer.c	4156	1	1	1	1	-
subr	next-property-change	Fnext_property_change	src/textprop.c	954	1	3	1	3	-
subr	next-read-file-uses-dialog-p	Fnext_read_file_uses_dialog_p	src/fileio.c	6309	0	0	0	0	-
subr	next-single-char-property-change	Fnext_single_char_property_change	src/textprop.c	773	2	4	2	4	-
subr	next-single-property-change	Fnext_single_property_change	src/textprop.c	1023	2	4	2	4	-
subr	next-window	Fnext_window	src/window.c	2891	0	3	0	3	-
subr	ngettext	Fngettext	src/editfns.c	2851	3	3	3	3	-
subr	nlistp	Fnlistp	src/data.c	439	1	1	1	1	-
subr	nreverse	Fnreverse	src/fns.c	2233	1	1	1	1	-
subr	ntake	Fntake	src/fns.c	1715	2	2	2	2	-
subr	nth	Fnth	src/fns.c	1845	2	2	2	2	-
subr	nthcdr	Fnthcdr	src/fns.c	1752	2	2	2	2	-
subr	null	Fnull	src/data.c	276	1	1	1	1	-
subr	num-processors	Fnum_processors	src/process.c	7383	0	1	0	1	-
subr	number-or-marker-p	Fnumber_or_marker_p	src/data.c	685	1	1	1	1	-
subr	number-to-string	Fnumber_to_string	src/data.c	2745	1	1	1	1	-
subr	numberp	Fnumberp	src/data.c	674	1	1	1	1	-
subr	obarray-clear	Fobarray_clear	src/lread.c	4756	1	1	1	1	-
subr	obarray-make	Fobarray_make	src/lread.c	4729	0	1	0	1	-
subr	obarrayp	Fobarrayp	src/lread.c	4749	1	1	1	1	-
subr	object-intervals	Fobject_intervals	src/fns.c	6506	1	1	1	1	-
subr	old-selected-frame	Fold_selected_frame	src/frame.c	1639	0	0	0	0	-
subr	old-selected-window	Fold_selected_window	src/window.c	494	0	0	0	0	-
subr	open-dribble-file	Fopen_dribble_file	src/keyboard.c	10772	1	1	1	1	-
subr	open-font	Fopen_font	src/font.c	5482	1	3	1	3	-
subr	open-termscript	Fopen_termscript	src/dispnew.c	5853	1	1	1	1	-
subr	optimize-char-table	Foptimize_char_table	src/chartab.c	677	1	2	1	2	-
subr	other-buffer	Fother_buffer	src/buffer.c	1929	0	3	0	3	-
subr	other-window-for-scrolling	Fother_window_for_scrolling	src/window.c	6487	0	0	0	0	-
subr	overlay-buffer	Foverlay_buffer	src/buffer.c	4037	1	1	1	1	-
subr	overlay-end	Foverlay_end	src/buffer.c	4027	1	1	1	1	-
subr	overlay-get	Foverlay_get	src/buffer.c	4223	2	2	2	2	-
subr	overlay-lists	Foverlay_lists	src/buffer.c	4189	0	0	0	0	-
subr	overlay-on-enter	Foverlay_on_enter	src/buffer.c	4060	1	1	1	1	-
subr	overlay-on-exit	Foverlay_on_exit	src/buffer.c	4068	1	1	1	1	-
subr	overlay-properties	Foverlay_properties	src/buffer.c	4050	1	1	1	1	-
subr	overlay-put	Foverlay_put	src/buffer.c	4231	3	3	3	3	-
subr	overlay-recenter	Foverlay_recenter	src/buffer.c	4207	1	1	1	1	-
subr	overlay-start	Foverlay_start	src/buffer.c	4017	1	1	1	1	-
subr	overlayp	Foverlayp	src/buffer.c	3768	1	1	1	1	-
subr	overlays-at	Foverlays_at	src/buffer.c	4076	1	2	1	2	-
subr	overlays-in	Foverlays_in	src/buffer.c	4119	2	2	2	2	-
subr	parse-partial-sexp	Fparse_partial_sexp	src/syntax.c	3524	2	6	2	6	-
subr	pdumper-stats	Fpdumper_stats	src/pdumper_write.c	3721	0	0	0	0	-
subr	pdumping-output	Fpdumping_output	src/emacs.c	625	0	0	0	0	-
subr	pdumping-p	Fpdumping_p	src/emacs.c	618	0	0	0	0	-
subr	plist-get	Fplist_get	src/fns.c	2574	2	3	2	3	-
subr	plist-member	Fplist_member	src/fns.c	2709	2	3	2	3	-
subr	plist-put	Fplist_put	src/fns.c	2631	3	4	3	4	-
subr	point	Fpoint	src/editfns.c	187	0	0	0	0	-
subr	point-marker	Fpoint_marker	src/editfns.c	197	0	0	0	0	-
subr	point-max	Fpoint_max	src/editfns.c	921	0	0	0	0	-
subr	point-max-marker	Fpoint_max_marker	src/editfns.c	932	0	0	0	0	-
subr	point-min	Fpoint_min	src/editfns.c	903	0	0	0	0	-
subr	point-min-marker	Fpoint_min_marker	src/editfns.c	913	0	0	0	0	-
subr	pos-bol	Fpos_bol	src/editfns.c	708	0	1	0	1	-
subr	pos-eol	Fpos_eol	src/editfns.c	764	0	1	0	1	-
subr	pos-visible-in-window-p	Fpos_visible_in_window_p	src/window.c	1965	0	3	0	3	-
subr	position-bytes	Fposition_bytes	src/editfns.c	961	1	1	1	1	-
subr	posix-looking-at	Fposix_looking_at	src/search.c	348	1	2	1	2	-
subr	posix-search-backward	Fposix_search_backward	src/search.c	2281	1	4	1	4	-
subr	posix-search-forward	Fposix_search_forward	src/search.c	2309	1	4	1	4	-
subr	posix-string-match	Fposix_string_match	src/search.c	449	2	4	2	4	-
subr	posn-at-point	Fposn_at_point	src/keyboard.c	11388	0	2	0	2	-
subr	posn-at-x-y	Fposn_at_x_y	src/keyboard.c	11345	2	4	2	4	-
subr	preceding-char	Fprevious_char	src/editfns.c	1006	0	0	0	0	-
subr	prefix-numeric-value	Fprefix_numeric_value	src/callint.c	790	1	1	1	1	-
subr	previous-char-property-change	Fprevious_char_property_change	src/textprop.c	746	1	2	1	2	-
subr	previous-frame	Fprevious_frame	src/frame.c	1867	0	2	0	2	-
subr	previous-overlay-change	Fprevious_overlay_change	src/buffer.c	4171	1	1	1	1	-
subr	previous-property-change	Fprevious_property_change	src/textprop.c	1076	1	3	1	3	-
subr	previous-single-char-property-change	Fprevious_single_char_property_change	src/textprop.c	859	2	4	2	4	-
subr	previous-single-property-change	Fprevious_single_property_change	src/textprop.c	1128	2	4	2	4	-
subr	previous-window	Fprevious_window	src/window.c	2930	0	3	0	3	-
subr	prin1	Fprin1	src/print.c	734	1	3	1	3	-
subr	prin1-to-string	Fprin1_to_string	src/print.c	791	1	3	1	3	-
subr	princ	Fprinc	src/print.c	840	1	2	1	2	-
subr	print	Fprint	src/print.c	878	1	2	1	2	-
subr	print--preprocess	Fprint_preprocess	src/print.c	1470	1	1	1	1	-
subr	process--sigaction-child	Fprocess__sigaction_child	src/process.c	7422	0	0	0	0	-
subr	process-attributes	Fprocess_attributes	src/process.c	7319	1	1	1	1	-
subr	process-buffer	Fprocess_buffer	src/process.c	1167	1	1	1	1	-
subr	process-coding-system	Fprocess_coding_system	src/process.c	7064	1	1	1	1	-
subr	process-command	Fprocess_command	src/process.c	1052	1	1	1	1	-
subr	process-contact	Fprocess_contact	src/process.c	1356	1	3	1	3	-
subr	process-datagram-address	Fprocess_datagram_address	src/process.c	2522	1	1	1	1	-
subr	process-descriptors	Fprocess_descriptors	src/process.c	1028	1	1	1	1	-
subr	process-exit-status	Fprocess_exit_status	src/process.c	1000	1	1	1	1	-
subr	process-filter	Fprocess_filter	src/process.c	1220	1	1	1	1	-
subr	process-id	Fprocess_id	src/process.c	1014	1	1	1	1	-
subr	process-inherit-coding-system-flag	Fprocess_inherit_coding_system_flag	src/process.c	7215	1	1	1	1	-
subr	process-list	Fprocess_list	src/process.c	1521	0	0	0	0	-
subr	process-mark	Fprocess_mark	src/process.c	1177	1	1	1	1	-
subr	process-name	Fprocess_name	src/process.c	1042	1	1	1	1	-
subr	process-plist	Fprocess_plist	src/process.c	1413	1	1	1	1	-
subr	process-query-on-exit-flag	Fprocess_query_on_exit_flag	src/process.c	1346	1	1	1	1	-
subr	process-running-child-p	Fprocess_running_child_p	src/process.c	6157	0	1	0	1	-
subr	process-select	Fprocess_select	src/process.c	1091	1	1	1	1	-
subr	process-send-eof	Fprocess_send_eof	src/process.c	6552	0	1	0	1	-
subr	process-send-region	Fprocess_send_region	src/process.c	6074	3	3	3	3	-
subr	process-send-string	Fprocess_send_string	src/process.c	6110	2	2	2	2	-
subr	process-sentinel	Fprocess_sentinel	src/process.c	1251	1	1	1	1	-
subr	process-status	Fprocess_status	src/process.c	954	1	1	1	1	-
subr	process-thread	Fprocess_thread	src/process.c	1275	1	1	1	1	-
subr	process-tty-name	Fprocess_tty_name	src/process.c	1064	1	2	1	2	-
subr	process-type	Fprocess_type	src/process.c	1434	1	1	1	1	-
subr	processp	Fprocessp	src/process.c	810	1	1	1	1	-
subr	profiler-cpu-log	Fprofiler_cpu_log	src/profiler.c	531	0	0	0	0	-
subr	profiler-cpu-running-p	Fprofiler_cpu_running_p	src/profiler.c	522	0	0	0	0	-
subr	profiler-cpu-start	Fprofiler_cpu_start	src/profiler.c	457	1	1	1	1	-
subr	profiler-cpu-stop	Fprofiler_cpu_stop	src/profiler.c	487	0	0	0	0	-
subr	profiler-memory-log	Fprofiler_memory_log	src/profiler.c	634	0	0	0	0	-
subr	profiler-memory-running-p	Fprofiler_memory_running_p	src/profiler.c	625	0	0	0	0	-
subr	profiler-memory-start	Fprofiler_memory_start	src/profiler.c	592	0	0	0	0	-
subr	profiler-memory-stop	Fprofiler_memory_stop	src/profiler.c	612	0	0	0	0	-
subr	program-version	Fprogram_version	src/emacs.c	2783	0	0	0	0	-
subr	proper-list-p	Fproper_list_p	src/fns.c	224	1	1	1	1	-
subr	propertize	Fpropertize	src/editfns.c	2964	1		1	MANY	-
subr	provide	Fprovide	src/fns.c	3618	1	2	1	2	-
subr	push-global-mark	Fpush_global_mark	src/editfns.c	204	0	0	0	0	-
subr	put	Fput	src/fns.c	2698	3	3	3	3	-
subr	put-text-property	Fput_text_property	src/textprop.c	1322	4	5	4	5	-
subr	put-unicode-property-internal	Fput_unicode_property_internal	src/chartab.c	1330	3	3	3	3	-
subr	puthash	Fputhash	src/fns.c	5808	3	3	3	3	-
subr	query-font	Fquery_font	src/font.c	5517	1	1	1	1	-
subr	quit-process	Fquit_process	src/process.c	6382	0	2	0	2	-
subr	raise-frame	Fraise_frame	src/frame.c	2967	0	1	0	1	-
subr	random	Frandom	src/fns.c	74	0	1	0	1	-
subr	rassoc	Frassoc	src/fns.c	2052	2	2	2	2	-
subr	rassq	Frassq	src/fns.c	2039	2	2	2	2	-
subr	re--describe-compiled	Fre__describe_compiled	src/search.c	3322	1	2	1	2	-
subr	re-search-backward	Fre_search_backward	src/search.c	2234	1	4	1	4	-
subr	re-search-forward	Fre_search_forward	src/search.c	2250	1	4	1	4	-
subr	read	Fread	src/lread.c	2142	0	1	0	1	-
subr	read-annotated	Fread_annotated	src/lread.c	2123	1	1	1	1	-
subr	read-buffer	Fread_buffer	src/minibuf.c	1482	1	4	1	4	-
subr	read-char	Fread_char	src/lread.c	765	0	3	0	3	-
subr	read-char-exclusive	Fread_char_exclusive	src/lread.c	849	0	3	0	3	-
subr	read-coding-system	Fread_coding_system	src/coding.c	8590	1	2	1	2	-
subr	read-command	Fread_command	src/minibuf.c	1422	1	2	1	2	-
subr	read-event	Fread_event	src/lread.c	814	0	3	0	3	-
subr	read-from-minibuffer	Fread_from_minibuffer	src/minibuf.c	1292	1	7	1	7	-
subr	read-from-string	Fread_from_string	src/lread.c	2170	1	3	1	3	-
subr	read-key-sequence	Fread_key_sequence	src/keyboard.c	10420	1	5	1	5	-
subr	read-key-sequence-vector	Fread_key_sequence_vector	src/keyboard.c	10473	1	5	1	5	-
subr	read-non-nil-coding-system	Fread_non_nil_coding_system	src/coding.c	8575	1	1	1	1	-
subr	read-string	Fread_string	src/minibuf.c	1388	1	5	1	5	-
subr	read-variable	Fread_variable	src/minibuf.c	1456	1	2	1	2	-
subr	recent-auto-save-p	Frecent_auto_save_p	src/fileio.c	6294	0	0	0	0	-
subr	recent-keys	Frecent_keys	src/keyboard.c	10626	0	1	0	1	-
subr	recenter	Frecenter	src/window.c	6649	0	2	0	2	-
subr	record	Frecord	src/alloc.c	2453	1		1	MANY	-
subr	recordp	Frecordp	src/data.c	481	1	1	1	1	-
subr	recursion-depth	Frecursion_depth	src/keyboard.c	10763	0	0	0	0	-
subr	recursive-edit	Frecursive_edit	src/keyboard.c	797	0	0	0	0	-
subr	redirect-debugging-output	Fredirect_debugging_output	src/print.c	944	1	2	1	2	-
subr	redirect-frame-focus	Fredirect_frame_focus	src/frame.c	3009	1	2	1	2	-
subr	redisplay	Fredisplay	src/dispnew.c	6094	0	1	0	1	-
subr	redraw-display	Fredraw_display	src/dispnew.c	3188	0	0	0	0	-
subr	redraw-frame	Fredraw_frame	src/dispnew.c	3179	0	1	0	1	-
subr	regexp-quote	Fregexp_quote	src/search.c	3111	1	1	1	1	-
subr	region-beginning	Fregion_beginning	src/editfns.c	275	0	0	0	0	-
subr	region-end	Fregion_end	src/editfns.c	282	0	0	0	0	-
subr	register-ccl-program	Fregister_ccl_program	src/ccl.c	2247	2	2	2	2	-
subr	register-code-conversion-map	Fregister_code_conversion_map	src/ccl.c	2315	2	2	2	2	-
subr	remhash	Fremhash	src/fns.c	5828	2	2	2	2	-
subr	remove-list-of-text-properties	Fremove_list_of_text_properties	src/textprop.c	1700	3	4	3	4	-
subr	remove-text-properties	Fremove_text_properties	src/textprop.c	1566	3	4	3	4	-
subr	remove-variable-watcher	Fremove_variable_watcher	src/data.c	1676	2	2	2	2	-
subr	rename-buffer	Frename_buffer	src/buffer.c	1869	1	2	1	2	-
subr	rename-file	Frename_file	src/fileio.c	2584	2	3	2	3	-
subr	replace-buffer-contents	Freplace_buffer_contents	src/editfns.c	1941	1	3	1	3	-
subr	replace-match	Freplace_match	src/search.c	2337	1	5	1	5	-
subr	require	Frequire	src/fns.c	3657	1	3	1	3	-
subr	resize-mini-window-internal	Fresize_mini_window_internal	src/window.c	5560	1	1	1	1	-
subr	restore-buffer-modified-p	Frestore_buffer_modified_p	src/buffer.c	1765	1	1	1	1	-
subr	resume-tty	Fresume_tty	src/term.c	2325	0	1	0	1	-
subr	reverse	Freverse	src/fns.c	2287	1	1	1	1	-
subr	round	Fround	src/floatfns.c	539	1	2	1	2	-
subr	run-hook-with-args	Frun_hook_with_args	src/eval.c	2504	1		1	MANY	-
subr	run-hook-with-args-until-failure	Frun_hook_with_args_until_failure	src/eval.c	2547	1		1	MANY	-
subr	run-hook-with-args-until-success	Frun_hook_with_args_until_success	src/eval.c	2523	1		1	MANY	-
subr	run-hook-wrapped	Frun_hook_wrapped	src/eval.c	2577	2		2	MANY	-
subr	run-hooks	Frun_hooks	src/eval.c	2479	0		0	MANY	-
subr	run-window-configuration-change-hook	Frun_window_configuration_change_hook	src/window.c	3752	0	1	0	1	-
subr	run-window-scroll-functions	Frun_window_scroll_functions	src/window.c	3765	0	1	0	1	-
subr	safe-length	Fsafe_length	src/fns.c	142	1	1	1	1	-
subr	scan-lists	Fscan_lists	src/syntax.c	3014	3	3	3	3	-
subr	scan-sexps	Fscan_sexps	src/syntax.c	3042	2	2	2	2	-
subr	scroll-down	Fscroll_down	src/window.c	6474	0	1	0	1	-
subr	scroll-left	Fscroll_left	src/window.c	6536	0	2	0	2	-
subr	scroll-right	Fscroll_right	src/window.c	6562	0	2	0	2	-
subr	scroll-up	Fscroll_up	src/window.c	6461	0	1	0	1	-
subr	search-backward	Fsearch_backward	src/search.c	2183	1	4	1	4	-
subr	search-forward	Fsearch_forward	src/search.c	2209	1	4	1	4	-
subr	secure-hash	Fsecure_hash	src/fns.c	6262	2	5	2	5	-
subr	secure-hash-algorithms	Fsecure_hash_algorithms	src/fns.c	5965	0	0	0	0	-
subr	select-frame	Fselect_frame	src/frame.c	1587	1	2	1	2	-
subr	select-window	Fselect_window	src/window.c	611	1	2	1	2	-
subr	selected-frame	Fselected_frame	src/frame.c	1632	0	0	0	0	-
subr	selected-window	Fselected_window	src/window.c	483	0	0	0	0	-
subr	self-insert-command	Fself_insert_command	src/cmds.c	263	1	2	1	2	-
subr	send-string-to-terminal	Fsend_string_to_terminal	src/dispnew.c	5886	1	2	1	2	-
subr	sequencep	Fsequencep	src/data.c	548	1	1	1	1	-
subr	serial-process-configure	Fserial_process_configure	src/process.c	2778	0		0	MANY	-
subr	set	Fset	src/data.c	1483	2	2	2	2	-
subr	set--this-command-keys	Fset__this_command_keys	src/keyboard.c	10670	1	1	1	1	-
subr	set-binary-mode	Fset_binary_mode	src/fileio.c	6328	2	2	2	2	-
subr	set-buffer	Fset_buffer	src/buffer.c	2580	1	1	1	1	-
subr	set-buffer-auto-saved	Fset_buffer_auto_saved	src/fileio.c	6271	0	0	0	0	-
subr	set-buffer-major-mode	Fset_buffer_major_mode	src/buffer.c	2448	1	1	1	1	-
subr	set-buffer-modified-p	Fset_buffer_modified_p	src/buffer.c	1738	1	1	1	1	-
subr	set-buffer-multibyte	Fset_buffer_multibyte	src/buffer.c	2888	1	1	1	1	-
subr	set-buffer-redisplay	Fset_buffer_redisplay	src/xdisp.c	577	4	4	4	4	-
subr	set-case-table	Fset_case_table	src/casetab.c	82	1	1	1	1	-
subr	set-category-table	Fset_category_table	src/category.c	262	1	1	1	1	-
subr	set-char-table-extra-slot	Fset_char_table_extra_slot	src/chartab.c	563	3	3	3	3	-
subr	set-char-table-parent	Fset_char_table_parent	src/chartab.c	525	2	2	2	2	-
subr	set-char-table-range	Fset_char_table_range	src/chartab.c	610	3	3	3	3	-
subr	set-charset-plist	Fset_charset_plist	src/charset.c	1312	2	2	2	2	-
subr	set-charset-priority	Fset_charset_priority	src/charset.c	2144	1		1	MANY	-
subr	set-coding-system-priority	Fset_coding_system_priority	src/coding.c	10838	0		0	MANY	-
subr	set-default	Fset_default	src/data.c	1893	2	2	2	2	-
subr	set-default-file-modes	Fset_default_file_modes	src/fileio.c	3622	1	1	1	1	-
subr	set-default-toplevel-value	Fset_default_toplevel_value	src/eval.c	707	2	2	2	2	-
subr	set-file-acl	Fset_file_acl	src/fileio.c	3505	2	2	2	2	-
subr	set-file-modes	Fset_file_modes	src/fileio.c	3591	2	3	2	3	-
subr	set-file-selinux-context	Fset_file_selinux_context	src/fileio.c	3374	2	2	2	2	-
subr	set-file-times	Fset_file_times	src/fileio.c	3663	1	3	1	3	-
subr	set-frame-height	Fset_frame_height	src/frame.c	3778	2	4	2	4	-
subr	set-frame-position	Fset_frame_position	src/frame.c	3877	3	3	3	3	-
subr	set-frame-selected-window	Fset_frame_selected_window	src/window.c	454	2	3	2	3	-
subr	set-frame-size	Fset_frame_size	src/frame.c	3836	3	4	3	4	-
subr	set-frame-width	Fset_frame_width	src/frame.c	3807	2	4	2	4	-
subr	set-frame-window-state-change	Fset_frame_window_state_change	src/frame.c	3921	0	2	0	2	-
subr	set-input-interrupt-mode	Fset_input_interrupt_mode	src/keyboard.c	11108	1	1	1	1	-
subr	set-input-meta-mode	Fset_input_meta_mode	src/keyboard.c	11189	1	2	1	2	-
subr	set-input-mode	Fset_input_mode	src/keyboard.c	11280	3	4	3	4	-
subr	set-keyboard-coding-system-internal	Fset_keyboard_coding_system_internal	src/coding.c	10698	1	2	1	2	-
subr	set-keymap-parent	Fset_keymap_parent	src/keymap.c	271	2	2	2	2	-
subr	set-marker	Fset_marker	src/marker.c	581	2	3	2	3	-
subr	set-marker-insertion-type	Fset_marker_insertion_type	src/marker.c	758	2	2	2	2	-
subr	set-match-data	Fset_match_data	src/search.c	2932	1	2	1	2	-
subr	set-minibuffer-window	Fset_minibuffer_window	src/minibuf.c	241	1	1	1	1	-
subr	set-mouse-pixel-position	Fset_mouse_pixel_position	src/frame.c	2776	3	3	3	3	-
subr	set-mouse-position	Fset_mouse_position	src/frame.c	2726	3	3	3	3	-
subr	set-network-process-option	Fset_network_process_option	src/process.c	2739	3	4	3	4	-
subr	set-output-flow-control	Fset_output_flow_control	src/keyboard.c	11155	1	2	1	2	-
subr	set-process-buffer	Fset_process_buffer	src/process.c	1144	2	2	2	2	-
subr	set-process-coding-system	Fset_process_coding_system	src/process.c	7037	1	3	1	3	-
subr	set-process-datagram-address	Fset_process_datagram_address	src/process.c	2545	2	2	2	2	-
subr	set-process-filter	Fset_process_filter	src/process.c	1186	2	2	2	2	-
subr	set-process-inherit-coding-system-flag	Fset_process_inherit_coding_system_flag	src/process.c	1306	2	2	2	2	-
subr	set-process-plist	Fset_process_plist	src/process.c	1422	2	2	2	2	-
subr	set-process-query-on-exit-flag	Fset_process_query_on_exit_flag	src/process.c	1332	2	2	2	2	-
subr	set-process-sentinel	Fset_process_sentinel	src/process.c	1230	2	2	2	2	-
subr	set-process-thread	Fset_process_thread	src/process.c	1261	2	2	2	2	-
subr	set-process-window-size	Fset_process_window_size	src/process.c	1285	3	3	3	3	-
subr	set-quit-char	Fset_quit_char	src/keyboard.c	11245	1	1	1	1	-
subr	set-safe-terminal-coding-system-internal	Fset_safe_terminal_coding_system_internal	src/coding.c	10667	1	1	1	1	-
subr	set-standard-case-table	Fset_standard_case_table	src/casetab.c	104	1	1	1	1	-
subr	set-syntax-table	Fset_syntax_table	src/syntax.c	1029	1	1	1	1	-
subr	set-terminal-coding-system-internal	Fset_terminal_coding_system_internal	src/coding.c	10645	1	2	1	2	-
subr	set-terminal-parameter	Fset_terminal_parameter	src/terminal.c	536	3	3	3	3	-
subr	set-text-properties	Fset_text_properties	src/textprop.c	1338	3	4	3	4	-
subr	set-time-zone-rule	Fset_time_zone_rule	src/timefns.c	1929	1	1	1	1	-
subr	set-visited-file-modtime	Fset_visited_file_modtime	src/fileio.c	5942	0	1	0	1	-
subr	set-window-buffer	Fset_window_buffer	src/window.c	4322	2	3	2	3	-
subr	set-window-combination-limit	Fset_window_combination_limit	src/window.c	742	2	2	2	2	-
subr	set-window-configuration	Fset_window_configuration	src/window.c	7072	1	3	1	3	-
subr	set-window-cursor-type	Fset_window_cursor_type	src/window.c	8015	2	2	2	2	-
subr	set-window-dedicated-p	Fset_window_dedicated_p	src/window.c	2284	2	2	2	2	-
subr	set-window-display-table	Fset_window_display_table	src/window.c	2439	2	2	2	2	-
subr	set-window-fringes	Fset_window_fringes	src/window.c	7964	2	5	2	5	-
subr	set-window-hscroll	Fset_window_hscroll	src/window.c	1309	2	2	2	2	-
subr	set-window-margins	Fset_window_margins	src/window.c	7854	2	3	2	3	-
subr	set-window-new-normal	Fset_window_new_normal	src/window.c	4622	1	2	1	2	-
subr	set-window-new-pixel	Fset_window_new_pixel	src/window.c	4568	2	3	2	3	-
subr	set-window-new-total	Fset_window_new_total	src/window.c	4596	2	3	2	3	-
subr	set-window-next-buffers	Fset_window_next_buffers	src/window.c	2345	2	2	2	2	-
subr	set-window-parameter	Fset_window_parameter	src/window.c	2386	3	3	3	3	-
subr	set-window-point	Fset_window_point	src/window.c	1891	2	2	2	2	-
subr	set-window-prev-buffers	Fset_window_prev_buffers	src/window.c	2322	2	2	2	2	-
subr	set-window-scroll-bars	Fset_window_scroll_bars	src/window.c	8178	1	6	1	6	-
subr	set-window-start	Fset_window_start	src/window.c	1927	2	3	2	3	-
subr	set-window-vscroll	Fset_window_vscroll	src/window.c	8281	2	4	2	4	-
subr	setcar	Fsetcar	src/data.c	771	2	2	2	2	-
subr	setcdr	Fsetcdr	src/data.c	780	2	2	2	2	-
subr	setplist	Fsetplist	src/data.c	1080	2	2	2	2	-
subr	signal	Fsignal	src/eval.c	1639	2	2	2	2	-
subr	signal-names	Fsignal_names	src/process.c	7401	0	0	0	0	-
subr	signal-process	Fsignal_process	src/process.c	6533	2	3	2	3	-
subr	sin	Fsin	src/floatfns.c	132	1	1	1	1	-
subr	single-key-description	Fsingle_key_description	src/keymap.c	2292	1	2	1	2	-
subr	skip-chars-backward	Fskip_chars_backward	src/syntax.c	1601	1	2	1	2	-
subr	skip-chars-forward	Fskip_chars_forward	src/syntax.c	1586	1	2	1	2	-
subr	skip-syntax-backward	Fskip_syntax_backward	src/syntax.c	1621	1	2	1	2	-
subr	skip-syntax-forward	Fskip_syntax_forward	src/syntax.c	1610	1	2	1	2	-
subr	sleep-for	Fsleep_for	src/dispnew.c	5969	1	2	1	2	-
subr	sort	Fsort	src/fns.c	2412	1		1	MANY	-
subr	sort-charsets	Fsort_charsets	src/charset.c	2225	1	1	1	1	-
subr	special-variable-p	Fspecial_variable_p	src/eval.c	3436	1	1	1	1	-
subr	split-char	Fsplit_char	src/charset.c	1999	1	1	1	1	-
subr	split-window-internal	Fsplit_window_internal	src/window.c	5073	4	4	4	4	-
subr	sqrt	Fsqrt	src/floatfns.c	259	1	1	1	1	-
subr	standard-case-table	Fstandard_case_table	src/casetab.c	72	0	0	0	0	-
subr	standard-category-table	Fstandard_category_table	src/category.c	192	0	0	0	0	-
subr	standard-syntax-table	Fstandard_syntax_table	src/syntax.c	994	0	0	0	0	-
subr	start-kbd-macro	Fstart_kbd_macro	src/macros.c	42	1	2	1	2	-
subr	stop-process	Fstop_process	src/process.c	6391	0	2	0	2	-
subr	store-kbd-macro-event	Fstore_kbd_macro_event	src/macros.c	218	1	1	1	1	-
subr	string	Fstring	src/character.c	842	0		0	MANY	-
subr	string-as-multibyte	Fstring_as_multibyte	src/fns.c	1426	1	1	1	1	-
subr	string-as-unibyte	Fstring_as_unibyte	src/fns.c	1404	1	1	1	1	-
subr	string-bytes	Fstring_bytes	src/fns.c	259	1	1	1	1	-
subr	string-collate-equalp	Fstring_collate_equalp	src/fns.c	643	2	4	2	4	-
subr	string-collate-lessp	Fstring_collate_lessp	src/fns.c	597	2	4	2	4	-
subr	string-distance	Fstring_distance	src/fns.c	268	2	3	2	3	-
subr	string-equal	Fstring_equal	src/fns.c	335	2	2	2	2	-
subr	string-lessp	Fstring_lessp	src/fns.c	553	2	2	2	2	-
subr	string-make-multibyte	Fstring_make_multibyte	src/fns.c	1364	1	1	1	1	-
subr	string-make-unibyte	Fstring_make_unibyte	src/fns.c	1392	1	1	1	1	-
subr	string-match	Fstring_match	src/search.c	430	2	4	2	4	-
subr	string-search	Fstring_search	src/fns.c	6419	2	3	2	3	-
subr	string-to-char	Fstring_to_char	src/editfns.c	175	1	1	1	1	-
subr	string-to-multibyte	Fstring_to_multibyte	src/fns.c	1464	1	1	1	1	-
subr	string-to-number	Fstring_to_number	src/data.c	2770	1	2	1	2	-
subr	string-to-syntax	Fstring_to_syntax	src/syntax.c	1135	1	1	1	1	-
subr	string-to-unibyte	Fstring_to_unibyte	src/fns.c	1483	1	1	1	1	-
subr	string-version-lessp	Fstring_version_lessp	src/fns.c	571	2	2	2	2	-
subr	string-width	Fstring_width	src/character.c	462	1	3	1	3	-
subr	stringp	Fstringp	src/data.c	490	1	1	1	1	-
subr	subr-arity	Fsubr_arity	src/data.c	1089	1	1	1	1	-
subr	subr-name	Fsubr_name	src/data.c	1107	1	1	1	1	-
subr	subr-native-lambda-list	Fsubr_native_lambda_list	src/data.c	1125	1	1	1	1	-
subr	subr-type	Fsubr_type	src/data.c	1140	1	1	1	1	-
subr	subrp	Fsubrp	src/data.c	586	1	1	1	1	-
subr	subst-char-in-region	Fsubst_char_in_region	src/editfns.c	2240	4	5	4	5	-
subr	substitute-in-file-name	Fsubstitute_in_file_name	src/fileio.c	1943	1	1	1	1	-
subr	substring	Fsubstring	src/fns.c	1578	1	3	1	3	-
subr	substring-no-properties	Fsubstring_no_properties	src/fns.c	1620	1	3	1	3	-
subr	suspend-emacs	Fsuspend_emacs	src/keyboard.c	10835	0	1	0	1	-
subr	suspend-tty	Fsuspend_tty	src/term.c	2264	0	1	0	1	-
subr	sxhash-eq	Fsxhash_eq	src/fns.c	5496	1	1	1	1	-
subr	sxhash-eql	Fsxhash_eql	src/fns.c	5506	1	1	1	1	-
subr	sxhash-equal	Fsxhash_equal	src/fns.c	5517	1	1	1	1	-
subr	sxhash-equal-including-properties	Fsxhash_equal_including_properties	src/fns.c	5528	1	1	1	1	-
subr	symbol-function	Fsymbol_function	src/data.c	901	1	1	1	1	-
subr	symbol-name	Fsymbol_name	src/data.c	917	1	1	1	1	-
subr	symbol-plist	Fsymbol_plist	src/data.c	909	1	1	1	1	-
subr	symbol-value	Fsymbol_value	src/data.c	1469	1	1	1	1	-
subr	symbolp	Fsymbolp	src/data.c	449	1	1	1	1	-
subr	syntax-class-to-char	Fsyntax_class_to_char	src/syntax.c	1103	1	1	1	1	-
subr	syntax-table	Fsyntax_table	src/syntax.c	986	0	0	0	0	-
subr	syntax-table-p	Fsyntax_table_p	src/syntax.c	968	1	1	1	1	-
subr	system-groups	Fsystem_groups	src/dired.c	1091	0	0	0	0	-
subr	system-name	Fsystem_name	src/editfns.c	1306	0	0	0	0	-
subr	system-users	Fsystem_users	src/dired.c	1070	0	0	0	0	-
subr	take	Ftake	src/fns.c	1674	2	2	2	2	-
subr	tan	Ftan	src/floatfns.c	141	1	1	1	1	-
subr	terminal-coding-system	Fterminal_coding_system	src/coding.c	10683	0	1	0	1	-
subr	terminal-list	Fterminal_list	src/terminal.c	462	0	0	0	0	-
subr	terminal-live-p	Fterminal_live_p	src/terminal.c	425	1	1	1	1	-
subr	terminal-name	Fterminal_name	src/terminal.c	478	0	1	0	1	-
subr	terminal-parameter	Fterminal_parameter	src/terminal.c	526	2	2	2	2	-
subr	terminal-parameters	Fterminal_parameters	src/terminal.c	514	0	1	0	1	-
subr	terpri	Fterpri	src/print.c	626	0	2	0	2	-
subr	test-completion	Ftest_completion	src/minibuf.c	2033	2	3	2	3	-
subr	text-char-description	Ftext_char_description	src/keymap.c	2376	1	1	1	1	-
subr	text-properties-at	Ftext_properties_at	src/textprop.c	557	1	2	1	2	-
subr	text-property-any	Ftext_property_any	src/textprop.c	1843	4	5	4	5	-
subr	text-property-not-all	Ftext_property_not_all	src/textprop.c	1878	4	5	4	5	-
subr	text-quoting-style	Ftext_quoting_style	src/doc.c	645	0	0	0	0	-
subr	this-command-keys	Fthis_command_keys	src/keyboard.c	10657	0	0	0	0	-
subr	this-command-keys-vector	Fthis_command_keys_vector	src/keyboard.c	10703	0	0	0	0	-
subr	this-single-command-keys	Fthis_single_command_keys	src/keyboard.c	10715	0	0	0	0	-
subr	this-single-command-raw-keys	Fthis_single_command_raw_keys	src/keyboard.c	10729	0	0	0	0	-
subr	thread--blocker	Fthread_blocker	src/thread.c	907	1	1	1	1	-
subr	thread-join	Fthread_join	src/thread.c	940	1	1	1	1	-
subr	thread-last-error	Fthread_last_error	src/thread.c	989	0	1	0	1	-
subr	thread-live-p	Fthread_live_p	src/thread.c	895	1	1	1	1	-
subr	thread-name	Fthread_name	src/thread.c	842	1	1	1	1	-
subr	thread-signal	Fthread_signal	src/thread.c	864	3	3	3	3	-
subr	thread-yield	Fthread_yield	src/thread.c	616	0	0	0	0	-
subr	threadp	Fthreadp	src/data.c	705	1	1	1	1	-
subr	throw	Fthrow	src/eval.c	1237	2	2	2	2	-
subr	time-add	Ftime_add	src/timefns.c	1193	2	2	2	2	-
subr	time-convert	Ftime_convert	src/timefns.c	1753	1	2	1	2	-
subr	time-equal-p	Ftime_equal_p	src/timefns.c	1264	2	2	2	2	-
subr	time-less-p	Ftime_less_p	src/timefns.c	1255	2	2	2	2	-
subr	time-subtract	Ftime_subtract	src/timefns.c	1202	2	2	2	2	-
subr	tool-bar-pixel-width	Ftool_bar_pixel_width	src/frame.c	3645	0	1	0	1	-
subr	top-level	Ftop_level	src/keyboard.c	1370	0	0	0	0	-
subr	translate-region-internal	Ftranslate_region_internal	src/editfns.c	2495	3	3	3	3	-
subr	transpose-regions	Ftranspose_regions	src/editfns.c	4165	4	5	4	5	-
subr	truncate	Ftruncate	src/floatfns.c	559	1	2	1	2	-
subr	try-completion	Ftry_completion	src/minibuf.c	1574	2	3	2	3	-
subr	tty--output-buffer-size	Ftty__output_buffer_size	src/term.c	2429	0	1	0	1	-
subr	tty--set-output-buffer-size	Ftty__set_output_buffer_size	src/term.c	2407	1	2	1	2	-
subr	tty-display-color-cells	Ftty_display_color_cells	src/term.c	2074	0	1	0	1	-
subr	tty-display-color-p	Ftty_display_color_p	src/term.c	2059	0	1	0	1	-
subr	tty-no-underline	Ftty_no_underline	src/term.c	2229	0	1	0	1	-
subr	tty-suppress-bold-inverse-default-colors	Ftty_suppress_bold_inverse_default_colors	src/xfaces.c	6619	1	1	1	1	-
subr	tty-top-frame	Ftty_top_frame	src/term.c	2247	0	1	0	1	-
subr	tty-type	Ftty_type	src/term.c	2203	0	1	0	1	-
subr	type-of	Ftype_of	src/data.c	286	1	1	1	1	-
subr	undo-boundary	Fundo_boundary	src/undo.c	148	0	0	0	0	-
subr	unencodable-char-position	Funencodable_char_position	src/coding.c	9172	3	5	3	5	-
subr	unhandled-file-name-directory	Funhandled_file_name_directory	src/fileio.c	488	1	1	1	1	-
subr	unibyte-char-to-multibyte	Funibyte_char_to_multibyte	src/character.c	193	1	1	1	1	-
subr	unibyte-string	Funibyte_string	src/character.c	867	0		0	MANY	-
subr	unicode-property-table-internal	Funicode_property_table_internal	src/chartab.c	1294	1	1	1	1	-
subr	unify-charset	Funify_charset	src/charset.c	1324	1	3	1	3	-
subr	unintern	Funintern	src/lread.c	4484	1	2	1	2	-
subr	unix-sync	Funix_sync	src/fileio.c	3703	0	0	0	0	-
subr	unlock-buffer	Funlock_buffer	src/filelock.c	719	0	0	0	0	-
subr	unlock-file	Funlock_file	src/filelock.c	675	1	1	1	1	-
subr	upcase	Fupcase	src/casefiddle.c	368	1	1	1	1	-
subr	upcase-initials	Fupcase_initials	src/casefiddle.c	418	1	1	1	1	-
subr	upcase-initials-region	Fupcase_initials_region	src/casefiddle.c	628	2	3	2	3	-
subr	upcase-region	Fupcase_region	src/casefiddle.c	591	2	3	2	3	-
subr	upcase-word	Fupcase_word	src/casefiddle.c	653	1	1	1	1	-
subr	use-global-map	Fuse_global_map	src/keymap.c	1875	1	1	1	1	-
subr	use-local-map	Fuse_local_map	src/keymap.c	1885	1	1	1	1	-
subr	user-full-name	Fuser_full_name	src/editfns.c	1235	0	1	0	1	-
subr	user-login-name	Fuser_login_name	src/editfns.c	1141	0	1	0	1	-
subr	user-real-login-name	Fuser_real_login_name	src/editfns.c	1170	0	0	0	0	-
subr	user-real-uid	Fuser_real_uid	src/editfns.c	1193	0	0	0	0	-
subr	user-uid	Fuser_uid	src/editfns.c	1185	0	0	0	0	-
subr	value<	Fvaluelt	src/fns.c	3166	2	2	2	2	-
subr	variable-binding-locus	Fvariable_binding_locus	src/data.c	2174	1	1	1	1	-
subr	vconcat	Fvconcat	src/fns.c	742	0		0	MANY	-
subr	vector	Fvector	src/alloc.c	2485	0		0	MANY	-
subr	vector-or-char-table-p	Fvector_or_char_table_p	src/data.c	520	1	1	1	1	-
subr	vectorp	Fvectorp	src/data.c	472	1	1	1	1	-
subr	verify-visited-file-modtime	Fverify_visited_file_modtime	src/fileio.c	5885	0	1	0	1	-
subr	vertical-motion	Fvertical_motion	src/indent.c	2093	1	3	1	3	-
subr	visible-frame-list	Fvisible_frame_list	src/frame.c	2952	0	0	0	0	-
subr	visited-file-modtime	Fvisited_file_modtime	src/fileio.c	5930	0	0	0	0	-
subr	waiting-for-user-input-p	Fwaiting_for_user_input_p	src/process.c	7266	0	0	0	0	-
subr	where-is-internal	Fwhere_is_internal	src/keymap.c	2573	1	5	1	5	-
subr	widen	Fwiden	src/editfns.c	2678	0	0	0	0	-
subr	widget-apply	Fwidget_apply	src/fns.c	3798	2		2	MANY	-
subr	widget-get	Fwidget_get	src/fns.c	3772	2	2	2	2	-
subr	widget-put	Fwidget_put	src/fns.c	3762	3	3	3	3	-
subr	window-at	Fwindow_at	src/window.c	1771	2	3	2	3	-
subr	window-body-height	Fwindow_body_height	src/window.c	1161	0	2	0	2	-
subr	window-body-width	Fwindow_body_width	src/window.c	1136	0	2	0	2	-
subr	window-border--primitive	Fwindow_border__primitive	src/window.c	8067	1	1	1	1	-
subr	window-bottom-divider-width	Fwindow_bottom_divider_width	src/window.c	1247	0	1	0	1	-
subr	window-buffer	Fwindow_buffer	src/window.c	640	0	1	0	1	-
subr	window-bump-use-time	Fwindow_bump_use_time	src/window.c	777	0	1	0	1	-
subr	window-combination-limit	Fwindow_combination_limit	src/window.c	725	1	1	1	1	-
subr	window-configuration-equal-p	Fwindow_configuration_equal_p	src/window.c	8453	2	2	2	2	-
subr	window-configuration-frame	Fwindow_configuration_frame	src/window.c	7058	1	1	1	1	-
subr	window-configuration-p	Fwindow_configuration_p	src/window.c	7051	1	1	1	1	-
subr	window-cursor-type	Fwindow_cursor_type	src/window.c	8053	0	1	0	1	-
subr	window-dedicated-p	Fwindow_dedicated_p	src/window.c	2261	0	1	0	1	-
subr	window-discard-buffer-from-window	Fwindow_discard_buffer	src/window.c	3363	2	3	2	3	-
subr	window-display-table	Fwindow_display_table	src/window.c	2405	0	1	0	1	-
subr	window-end	Fwindow_end	src/window.c	1840	0	2	0	2	-
subr	window-frame	Fwindow_frame	src/window.c	340	0	1	0	1	-
subr	window-fringes	Fwindow_fringes	src/window.c	7998	0	1	0	1	-
subr	window-header-line-height	Fwindow_header_line_height	src/window.c	1220	0	1	0	1	-
subr	window-hscroll	Fwindow_hscroll	src/window.c	1274	0	1	0	1	-
subr	window-left-child	Fwindow_left_child	src/window.c	695	0	1	0	1	-
subr	window-left-column	Fwindow_left_column	src/window.c	1011	0	1	0	1	-
subr	window-line-height	Fwindow_line_height	src/window.c	2036	0	2	0	2	-
subr	window-lines-pixel-dimensions	Fwindow_lines_pixel_dimensions	src/window.c	2148	0	6	0	6	-
subr	window-list	Fwindow_list	src/window.c	3006	0	3	0	3	-
subr	window-list-1	Fwindow_list_1	src/window.c	3029	0	3	0	3	-
subr	window-live-p	Fwindow_live_p	src/window.c	330	1	1	1	1	-
subr	window-margins	Fwindow_margins	src/window.c	7879	0	1	0	1	-
subr	window-minibuffer-p	Fwindow_minibuffer_p	src/window.c	378	0	1	0	1	-
subr	window-mode-line-height	Fwindow_mode_line_height	src/window.c	1211	0	1	0	1	-
subr	window-new-normal	Fwindow_new_normal	src/window.c	970	0	1	0	1	-
subr	window-new-pixel	Fwindow_new_pixel	src/window.c	982	0	1	0	1	-
subr	window-new-total	Fwindow_new_total	src/window.c	928	0	1	0	1	-
subr	window-next-buffers	Fwindow_next_buffers	src/window.c	2336	0	1	0	1	-
subr	window-next-sibling	Fwindow_next_sibling	src/window.c	707	0	1	0	1	-
subr	window-normal-size	Fwindow_normal_size	src/window.c	941	0	2	0	2	-
subr	window-old-body-pixel-height	Fwindow_old_body_pixel_height	src/window.c	1196	0	1	0	1	-
subr	window-old-body-pixel-width	Fwindow_old_body_pixel_width	src/window.c	1181	0	1	0	1	-
subr	window-old-buffer	Fwindow_old_buffer	src/window.c	651	0	1	0	1	-
subr	window-old-pixel-height	Fwindow_old_pixel_height	src/window.c	841	0	1	0	1	-
subr	window-old-pixel-width	Fwindow_old_pixel_width	src/window.c	827	0	1	0	1	-
subr	window-old-point	Fwindow_old_point	src/window.c	1812	0	1	0	1	-
subr	window-parameter	Fwindow_parameter	src/window.c	2375	2	2	2	2	-
subr	window-parameters	Fwindow_parameters	src/window.c	2356	0	1	0	1	-
subr	window-parent	Fwindow_parent	src/window.c	674	0	1	0	1	-
subr	window-pixel-height	Fwindow_pixel_height	src/window.c	815	0	1	0	1	-
subr	window-pixel-left	Fwindow_pixel_left	src/window.c	995	0	1	0	1	-
subr	window-pixel-top	Fwindow_pixel_top	src/window.c	1003	0	1	0	1	-
subr	window-pixel-width	Fwindow_pixel_width	src/window.c	802	0	1	0	1	-
subr	window-point	Fwindow_point	src/window.c	1802	0	1	0	1	-
subr	window-prev-buffers	Fwindow_prev_buffers	src/window.c	2309	0	1	0	1	-
subr	window-prev-sibling	Fwindow_prev_sibling	src/window.c	716	0	1	0	1	-
subr	window-resize-apply	Fwindow_resize_apply	src/window.c	4894	0	2	0	2	-
subr	window-resize-apply-total	Fwindow_resize_apply_total	src/window.c	4936	0	2	0	2	-
subr	window-right-divider-width	Fwindow_right_divider_width	src/window.c	1238	0	1	0	1	-
subr	window-scroll-bar-height	Fwindow_scroll_bar_height	src/window.c	1265	0	1	0	1	-
subr	window-scroll-bar-width	Fwindow_scroll_bar_width	src/window.c	1256	0	1	0	1	-
subr	window-scroll-bars	Fwindow_scroll_bars	src/window.c	8219	0	1	0	1	-
subr	window-start	Fwindow_start	src/window.c	1820	0	1	0	1	-
subr	window-system	Fwindow_system	src/frame.c	272	0	1	0	1	-
subr	window-tab-line-height	Fwindow_tab_line_height	src/window.c	1229	0	1	0	1	-
subr	window-text-height	Fwindow_text_height	src/window.c	6898	0	2	0	2	-
subr	window-text-pixel-size	Fwindow_text_pixel_size	src/xdisp.c	9797	0	6	0	6	-
subr	window-text-width	Fwindow_text_width	src/window.c	6876	0	2	0	2	-
subr	window-top-child	Fwindow_top_child	src/window.c	683	0	1	0	1	-
subr	window-top-line	Fwindow_top_line	src/window.c	1023	0	1	0	1	-
subr	window-total-height	Fwindow_total_height	src/window.c	855	0	2	0	2	-
subr	window-total-width	Fwindow_total_width	src/window.c	891	0	2	0	2	-
subr	window-use-time	Fwindow_use_time	src/window.c	761	0	1	0	1	-
subr	window-valid-p	Fwindow_valid_p	src/window.c	321	1	1	1	1	-
subr	window-vscroll	Fwindow_vscroll	src/window.c	8258	0	2	0	2	-
subr	windowp	Fwindowp	src/window.c	314	1	1	1	1	-
subr	write-char	Fwrite_char	src/print.c	552	1	2	1	2	-
subr	write-region	Fwrite_region	src/fileio.c	5237	3	7	3	7	-
subr	x-focus-frame	Fx_focus_frame	src/frame.c	3063	1	2	1	2	-
subr	x-load-color-file	Fx_load_color_file	src/xfaces.c	7043	1	1	1	1	-
subr	x-popup-dialog	Fx_popup_dialog	src/menu.c	1510	2	3	2	3	-
subr	x-popup-menu	Fx_popup_menu	src/menu.c	1429	2	2	2	2	-
subr	yes-or-no-p	Fyes_or_no_p	src/fns.c	3488	1	1	1	1	-
subr	zlib-available-p	Fzlib_available_p	src/decompress.c	201	0	0	0	0	-
subr	zlib-decompress-region	Fzlib_decompress_region	src/decompress.c	222	2	3	2	3	-
symbol	&optional	Qand_optional	src/eval.c	3889					-
symbol	&rest	Qand_rest	src/eval.c	3888					-
symbol	+	Qplus	src/callint.c	836					-
symbol	,	Qcomma	src/lread.c	5417					-
symbol	,@	Qcomma_at	src/lread.c	5418					-
symbol	-	Qminus	src/callint.c	835					-
symbol	:adstyle	QCadstyle	src/font.c	6114					-
symbol	:advertised-binding	QCadvertised_binding	src/keymap.c	3431					-
symbol	:align-to	QCalign_to	src/xdisp.c	33080					-
symbol	:animate-buffer	QCanimate_buffer	src/image.c	12551					-
symbol	:animate-multi-frame-data	QCanimate_multi_frame_data	src/image.c	12554					-
symbol	:animate-position	QCanimate_position	src/image.c	12553					-
symbol	:animate-tardiness	QCanimate_tardiness	src/image.c	12552					-
symbol	:antialias	QCantialias	src/font.c	6112					-
symbol	:array	QCarray	src/dbusbind.c	1944					-
symbol	:array-type	QCarray_type	src/json.c	1801					-
symbol	:ascent	QCascent	src/image.c	12369					-
symbol	:ascii-compatible-p	QCascii_compatible_p	src/coding.c	11801					-
symbol	:authorizable	QCauthorizable	src/dbusbind.c	1926					-
symbol	:autohint	QCautohint	src/ftfont.c	3193					-
symbol	:avgwidth	QCavgwidth	src/font.c	6119					-
symbol	:background	QCbackground	src/xfaces.c	7255					-
symbol	:base-uri	QCbase_uri	src/image.c	12494					-
symbol	:bold	QCbold	src/xfaces.c	7261					-
symbol	:boolean	QCboolean	src/dbusbind.c	1930					-
symbol	:box	QCbox	src/xfaces.c	7265					-
symbol	:buffer	QCbuffer	src/process.c	7615					-
symbol	:button	QCbutton	src/keyboard.c	11765					-
symbol	:byte	QCbyte	src/dbusbind.c	1929					-
symbol	:bytesize	QCbytesize	src/process.c	7595					-
symbol	:category	QCcategory	src/coding.c	11794					-
symbol	:cipher-aead-capable	QCcipher_aead_capable	src/gnutls.c	3042					-
symbol	:cipher-blocksize	QCcipher_blocksize	src/gnutls.c	3043					-
symbol	:cipher-id	QCcipher_id	src/gnutls.c	3041					-
symbol	:cipher-ivsize	QCcipher_ivsize	src/gnutls.c	3046					-
symbol	:cipher-keysize	QCcipher_keysize	src/gnutls.c	3044					-
symbol	:cipher-tagsize	QCcipher_tagsize	src/gnutls.c	3045					-
symbol	:coding	QCcoding	src/process.c	7620					-
symbol	:color	QCcolor	src/xfaces.c	7270					-
symbol	:color-adjustment	QCcolor_adjustment	src/image.c	12381					-
symbol	:color-symbols	QCcolor_symbols	src/image.c	12373					-
symbol	:combining-capability	QCcombining_capability	src/font.c	6121					-
symbol	:command	QCcommand	src/process.c	7631					-
symbol	:complete-negotiation	QCcomplete_negotiation	src/gnutls.c	3019					-
symbol	:connection-type	QCconnection_type	src/process.c	7632					-
symbol	:conversion	QCconversion	src/image.c	12372					-
symbol	:crlfiles	QCcrlfiles	src/gnutls.c	3016					-
symbol	:crop	QCcrop	src/image.c	12376					-
symbol	:css	QCcss	src/image.c	12495					-
symbol	:data	QCdata	src/xdisp.c	33066					-
symbol	:debug-on-exit	QCdebug_on_exit	src/eval.c	4051					-
symbol	:decode-translation-table	QCdecode_translation_table	src/coding.c	11797					-
symbol	:default-char	QCdefault_char	src/coding.c	11796					-
symbol	:device	QCdevice	src/sound.c	1474					-
symbol	:dict-entry	QCdict_entry	src/dbusbind.c	1947					-
symbol	:digest-algorithm-id	QCdigest_algorithm_id	src/gnutls.c	3053					-
symbol	:digest-algorithm-length	QCdigest_algorithm_length	src/gnutls.c	3054					-
symbol	:distant-foreground	QCdistant_foreground	src/xfaces.c	7260					-
symbol	:documentation	QCdocumentation	src/eval.c	3890					-
symbol	:double	QCdouble	src/dbusbind.c	1937					-
symbol	:dpi	QCdpi	src/font.c	6117					-
symbol	:embolden	QCembolden	src/ftfont.c	3196					-
symbol	:enable	QCenable	src/keyboard.c	11761					-
symbol	:encode-translation-table	QCencode_translation_table	src/coding.c	11798					-
symbol	:eval	QCeval	src/xdisp.c	33083					-
symbol	:extend	QCextend	src/xfaces.c	7267					-
symbol	:false	QCfalse	src/json.c	1757					-
symbol	:false-object	QCfalse_object	src/json.c	1803					-
symbol	:family	QCfamily	src/xfaces.c	7248					-
symbol	:file	QCfile	src/xdisp.c	33085					-
symbol	:file-handler	QCfile_handler	src/process.c	7614					-
symbol	:filter	QCfilter	src/keyboard.c	11764					-
symbol	:filtered	QCfiltered	src/xfaces.c	7313					-
symbol	:flags	QCflags	src/gnutls.c	3021					-
symbol	:flip	QCflip	src/image.c	12383					-
symbol	:flowcontrol	QCflowcontrol	src/process.c	7606					-
symbol	:font	QCfont	src/xfaces.c	7258					-
symbol	:font-entity	QCfont_entity	src/font.c	6120					-
symbol	:fontset	QCfontset	src/xfaces.c	7259					-
symbol	:foreground	QCforeground	src/xfaces.c	7254					-
symbol	:foundry	QCfoundry	src/font.c	6113					-
symbol	:height	QCheight	src/xfaces.c	7249					-
symbol	:help	QChelp	src/keyboard.c	11763					-
symbol	:heuristic-mask	QCheuristic_mask	src/image.c	12374					-
symbol	:hinting	QChinting	src/ftfont.c	3192					-
symbol	:hintstyle	QChintstyle	src/ftfont.c	3194					-
symbol	:host	QChost	src/process.c	7616					-
symbol	:hostname	QChostname	src/gnutls.c	3012					-
symbol	:ignore-defface	QCignore_defface	src/xfaces.c	7308					-
symbol	:image	QCimage	src/keyboard.c	11690					-
symbol	:in-place	QCin_place	src/fns.c	6802					-
symbol	:index	QCindex	src/image.c	12375					-
symbol	:inherit	QCinherit	src/xfaces.c	7266					-
symbol	:int16	QCint16	src/dbusbind.c	1931					-
symbol	:int32	QCint32	src/dbusbind.c	1933					-
symbol	:int64	QCint64	src/dbusbind.c	1935					-
symbol	:inverse-video	QCinverse_video	src/xfaces.c	7253					-
symbol	:italic	QCitalic	src/xfaces.c	7262					-
symbol	:key	QCkey	src/fns.c	6800					-
symbol	:key-sequence	QCkey_sequence	src/keyboard.c	11767					-
symbol	:keylist	QCkeylist	src/gnutls.c	3015					-
symbol	:keys	QCkeys	src/keyboard.c	11766					-
symbol	:label	QClabel	src/keyboard.c	11773					-
symbol	:lang	QClang	src/font.c	6110					-
symbol	:lcdfilter	QClcdfilter	src/ftfont.c	3197					-
symbol	:lessp	QClessp	src/fns.c	6801					-
symbol	:line-width	QCline_width	src/xfaces.c	7271					-
symbol	:loader	QCloader	src/image.c	12408					-
symbol	:local	QClocal	src/process.c	7618					-
symbol	:log	QClog	src/process.c	7627					-
symbol	:loglevel	QCloglevel	src/gnutls.c	3018					-
symbol	:mac-algorithm-id	QCmac_algorithm_id	src/gnutls.c	3048					-
symbol	:mac-algorithm-keysize	QCmac_algorithm_keysize	src/gnutls.c	3050					-
symbol	:mac-algorithm-length	QCmac_algorithm_length	src/gnutls.c	3051					-
symbol	:mac-algorithm-noncesize	QCmac_algorithm_noncesize	src/gnutls.c	3049					-
symbol	:map	QCmap	src/xdisp.c	33130					-
symbol	:margin	QCmargin	src/image.c	12370					-
symbol	:mask	QCmask	src/image.c	12382					-
symbol	:matrix	QCmatrix	src/image.c	12378					-
symbol	:max-height	QCmax_height	src/image.c	12393					-
symbol	:max-width	QCmax_width	src/image.c	12392					-
symbol	:method	QCmethod	src/dbusbind.c	1952					-
symbol	:min-prime-bits	QCmin_prime_bits	src/gnutls.c	3017					-
symbol	:minspace	QCminspace	src/ftfont.c	3189					-
symbol	:mnemonic	QCmnemonic	src/coding.c	11795					-
symbol	:monitor	QCmonitor	src/dbusbind.c	1954					-
symbol	:name	QCname	src/process.c	7642					-
symbol	:noquery	QCnoquery	src/process.c	7628					-
symbol	:nowait	QCnowait	src/process.c	7622					-
symbol	:null	QCnull	src/json.c	1756					-
symbol	:null-object	QCnull_object	src/json.c	1802					-
symbol	:object-path	QCobject_path	src/dbusbind.c	1939					-
symbol	:object-type	QCobject_type	src/json.c	1800					-
symbol	:otf	QCotf	src/font.c	6109					-
symbol	:overline	QCoverline	src/xfaces.c	7263					-
symbol	:parity	QCparity	src/process.c	7597					-
symbol	:pass	QCpass	src/gnutls.c	3020					-
symbol	:plist	QCplist	src/process.c	7630					-
symbol	:pointer	QCpointer	src/xdisp.c	33131					-
symbol	:port	QCport	src/process.c	7591					-
symbol	:position	QCposition	src/xfaces.c	7273					-
symbol	:post-read-conversion	QCpost_read_conversion	src/coding.c	11799					-
symbol	:pre-write-conversion	QCpre_write_conversion	src/coding.c	11800					-
symbol	:priority	QCpriority	src/gnutls.c	3013					-
symbol	:process	QCprocess	src/process.c	7593					-
symbol	:propertize	QCpropertize	src/xdisp.c	33084					-
symbol	:pt-height	QCpt_height	src/image.c	12410					-
symbol	:pt-width	QCpt_width	src/image.c	12409					-
symbol	:purecopy	QCpurecopy	src/fns.c	6593					-
symbol	:radio	QCradio	src/keyboard.c	11772					-
symbol	:rcvbuf	QCrcvbuf	src/process.c	7600					-
symbol	:rcvtimeo	QCrcvtimeo	src/process.c	7602					-
symbol	:registry	QCregistry	src/font.c	6115					-
symbol	:rehash-size	QCrehash_size	src/fns.c	6594					-
symbol	:rehash-threshold	QCrehash_threshold	src/fns.c	6595					-
symbol	:relative-height	QCrelative_height	src/xdisp.c	33082					-
symbol	:relative-width	QCrelative_width	src/xdisp.c	33081					-
symbol	:relief	QCrelief	src/image.c	12371					-
symbol	:remote	QCremote	src/process.c	7619					-
symbol	:reverse	QCreverse	src/fns.c	6803					-
symbol	:rgba	QCrgba	src/ftfont.c	3195					-
symbol	:rotation	QCrotation	src/image.c	12377					-
symbol	:rtl	QCrtl	src/keyboard.c	11693					-
symbol	:scalable	QCscalable	src/font.c	6118					-
symbol	:scale	QCscale	src/image.c	12379					-
symbol	:script	QCscript	src/font.c	6111					-
symbol	:sentinel	QCsentinel	src/process.c	7623					-
symbol	:serial	QCserial	src/dbusbind.c	1951					-
symbol	:server	QCserver	src/process.c	7621					-
symbol	:service	QCservice	src/process.c	7617					-
symbol	:session	QCsession	src/dbusbind.c	1918					-
symbol	:session-private	QCsession_private	src/dbusbind.c	1920					-
symbol	:signal	QCsignal	src/dbusbind.c	1953					-
symbol	:signature	QCsignature	src/dbusbind.c	1940					-
symbol	:size	QCsize	src/fns.c	6592					-
symbol	:slant	QCslant	src/xfaces.c	7251					-
symbol	:sndbuf	QCsndbuf	src/process.c	7599					-
symbol	:sndtimeo	QCsndtimeo	src/process.c	7601					-
symbol	:spacing	QCspacing	src/font.c	6116					-
symbol	:speed	QCspeed	src/process.c	7592					-
symbol	:stderr	QCstderr	src/process.c	7633					-
symbol	:stipple	QCstipple	src/xfaces.c	7256					-
symbol	:stop	QCstop	src/process.c	7629					-
symbol	:stopbits	QCstopbits	src/process.c	7596					-
symbol	:strike-through	QCstrike_through	src/xfaces.c	7264					-
symbol	:string	QCstring	src/dbusbind.c	1938					-
symbol	:struct	QCstruct	src/dbusbind.c	1946					-
symbol	:style	QCstyle	src/xfaces.c	7272					-
symbol	:success	QCsuccess	src/eval.c	4036					-
symbol	:summary	QCsummary	src/process.c	7609					-
symbol	:system	QCsystem	src/dbusbind.c	1917					-
symbol	:system-private	QCsystem_private	src/dbusbind.c	1919					-
symbol	:tcpnodelay	QCtcpnodelay	src/process.c	7598					-
symbol	:test	QCtest	src/fns.c	6591					-
symbol	:timeout	QCtimeout	src/dbusbind.c	1923					-
symbol	:tls-parameters	QCtls_parameters	src/process.c	7625					-
symbol	:toggle	QCtoggle	src/keyboard.c	11771					-
symbol	:transform-smoothing	QCtransform_smoothing	src/image.c	12380					-
symbol	:trustfiles	QCtrustfiles	src/gnutls.c	3014					-
symbol	:type	QCtype	src/gnutls.c	3056					-
symbol	:type	QCtype	src/process.c	7643					-
symbol	:uint16	QCuint16	src/dbusbind.c	1932					-
symbol	:uint32	QCuint32	src/dbusbind.c	1934					-
symbol	:uint64	QCuint64	src/dbusbind.c	1936					-
symbol	:underline	QCunderline	src/xfaces.c	7252					-
symbol	:unix-fd	QCunix_fd	src/dbusbind.c	1942					-
symbol	:use-external-socket	QCuse_external_socket	src/process.c	7624					-
symbol	:user-spec	QCuser_spec	src/font.c	6134					-
symbol	:variant	QCvariant	src/dbusbind.c	1945					-
symbol	:verify-error	QCverify_error	src/gnutls.c	3023					-
symbol	:verify-flags	QCverify_flags	src/gnutls.c	3022					-
symbol	:vert-only	QCvert_only	src/keyboard.c	11774					-
symbol	:visible	QCvisible	src/keyboard.c	11762					-
symbol	:volume	QCvolume	src/sound.c	1475					-
symbol	:weakness	QCweakness	src/fns.c	6596					-
symbol	:weight	QCweight	src/xfaces.c	7250					-
symbol	:width	QCwidth	src/xfaces.c	7257					-
symbol	:window	QCwindow	src/xfaces.c	7312					-
symbol	Automatic GC	QAutomatic_GC	src/alloc.c	5634					-
symbol	Discarded Samples	QDiscarded_Samples	src/profiler.c	703					-
symbol	GNUTLS_PKCS_NULL_PASSWORD	Qgnutls_pkcs_null_password	src/gnutls.c	3032					-
symbol	GNUTLS_PKCS_PBES1_DES_MD5	Qgnutls_pkcs_pbes1_des_md5	src/gnutls.c	3034					-
symbol	GNUTLS_PKCS_PBES2_3DES	Qgnutls_pkcs_pbes2_3des	src/gnutls.c	3028					-
symbol	GNUTLS_PKCS_PBES2_AES_128	Qgnutls_pkcs_pbes2_aes_128	src/gnutls.c	3029					-
symbol	GNUTLS_PKCS_PBES2_AES_192	Qgnutls_pkcs_pbes2_aes_192	src/gnutls.c	3030					-
symbol	GNUTLS_PKCS_PBES2_AES_256	Qgnutls_pkcs_pbes2_aes_256	src/gnutls.c	3031					-
symbol	GNUTLS_PKCS_PBES2_DES	Qgnutls_pkcs_pbes2_des	src/gnutls.c	3033					-
symbol	GNUTLS_PKCS_PBES2_GOST_CPA	Qgnutls_pkcs_pbes2_gost_cpa	src/gnutls.c	3036					-
symbol	GNUTLS_PKCS_PBES2_GOST_CPB	Qgnutls_pkcs_pbes2_gost_cpb	src/gnutls.c	3037					-
symbol	GNUTLS_PKCS_PBES2_GOST_CPC	Qgnutls_pkcs_pbes2_gost_cpc	src/gnutls.c	3038					-
symbol	GNUTLS_PKCS_PBES2_GOST_CPD	Qgnutls_pkcs_pbes2_gost_cpd	src/gnutls.c	3039					-
symbol	GNUTLS_PKCS_PBES2_GOST_TC26Z	Qgnutls_pkcs_pbes2_gost_tc26z	src/gnutls.c	3035					-
symbol	GNUTLS_PKCS_PKCS12_3DES	Qgnutls_pkcs_pkcs12_3des	src/gnutls.c	3025					-
symbol	GNUTLS_PKCS_PKCS12_ARCFOUR	Qgnutls_pkcs_pkcs12_arcfour	src/gnutls.c	3026					-
symbol	GNUTLS_PKCS_PKCS12_RC2_40	Qgnutls_pkcs_pkcs12_rc2_40	src/gnutls.c	3027					-
symbol	GNUTLS_PKCS_PLAIN	Qgnutls_pkcs_plain	src/gnutls.c	3024					-
symbol	L2R	QL2R	src/font.c	6137					-
symbol	PRIMARY	QPRIMARY	src/keyboard.c	11827					-
symbol	R2L	QR2L	src/font.c	6138					-
symbol	`	Qbackquote	src/lread.c	5416					-
symbol	above	Qabove	src/window.c	8551					-
symbol	above-handle	Qabove_handle	src/keyboard.c	11784					-
symbol	above-suspended	Qabove_suspended	src/frame.c	6324					-
symbol	access	Qaccess	src/inotify.c	477					-
symbol	access-file	Qaccess_file	src/fileio.c	6453					-
symbol	activate-input-method	Qactivate_input_method	src/minibuf.c	2298					-
symbol	activate-menubar-hook	Qactivate_menubar_hook	src/keyboard.c	11818					-
symbol	add-hook	Qadd_hook	src/buffer.c	5246					-
symbol	add-name-to-file	Qadd_name_to_file	src/fileio.c	6446					-
symbol	add-to-history	Qadd_to_history	src/minibuf.c	2309					-
symbol	after-change-functions	Qafter_change_functions	src/buffer.c	5237					-
symbol	after-delete-frame-functions	Qafter_delete_frame_functions	src/frame.c	6480					-
symbol	after-handle	Qafter_handle	src/keyboard.c	11795					-
symbol	after-insert-file-set-coding	Qafter_insert_file_set_coding	src/fileio.c	6523					-
symbol	after-pdump-load-hook	Qafter_pdump_load_hook	src/pdumper_write.c	3773					-
symbol	after-string	Qafter_string	src/buffer.c	5234					-
symbol	alist	Qalist	src/json.c	1804					-
symbol	all	Qall	src/process.c	7680					-
symbol	all-events	Qall_events	src/inotify.c	491					-
symbol	alpha	Qalpha	src/frame.c	6281					-
symbol	alpha-background	Qalpha_background	src/frame.c	6282					-
symbol	append	Qappend	src/fontset.c	2150					-
symbol	apply	Qapply	src/undo.c	231					-
symbol	aref	Qaref	src/data.c	3771					-
symbol	args	Qargs	src/process.c	7679					-
symbol	args-out-of-range	Qargs_out_of_range	src/data.c	3707					-
symbol	arith-error	Qarith_error	src/data.c	3720					-
symbol	array	Qarray	src/json.c	1806					-
symbol	arrayp	Qarrayp	src/data.c	3740					-
symbol	arrow	Qarrow	src/xdisp.c	33152					-
symbol	ascii	Qascii	src/charset.c	2358					-
symbol	ascii-0	Qascii_0	src/font.c	6102					-
symbol	ascii-character	Qascii_character	src/lread.c	5429					-
symbol	aset	Qaset	src/data.c	3772					-
symbol	assq-delete-all	Qassq_delete_all	src/buffer.c	6177					-
symbol	attrib	Qattrib	src/inotify.c	478					-
symbol	attrib	Qattrib	src/kqueue.c	538					-
symbol	attribute-change	Qattribute_change	src/gfilenotify.c	317					-
symbol	attribute-changed	Qattribute_changed	src/gfilenotify.c	327					-
symbol	auto	Qauto	src/image.c	12366					-
symbol	auto-composed	Qauto_composed	src/composite.c	2005					-
symbol	auto-fill-chars	Qauto_fill_chars	src/character.c	1080					-
symbol	auto-hscroll-mode	Qauto_hscroll_mode	src/xdisp.c	33663					-
symbol	auto-lower	Qauto_lower	src/frame.c	6283					-
symbol	auto-raise	Qauto_raise	src/frame.c	6284					-
symbol	auto-save-coding	Qauto_save_coding	src/fileio.c	6477					-
symbol	autoload	Qautoload	src/eval.c	3878					-
symbol	autosaved	Qautosaved	src/buffer.c	6171					-
symbol	background-color	Qbackground_color	src/xfaces.c	7304					-
symbol	background-mode	Qbackground_mode	src/frame.c	6224					-
symbol	bar	Qbar	src/xdisp.c	33145					-
symbol	before-change-functions	Qbefore_change_functions	src/buffer.c	5236					-
symbol	before-handle	Qbefore_handle	src/keyboard.c	11793					-
symbol	before-revert-hook	Qbefore_revert_hook	src/buffer.c	6179					-
symbol	before-string	Qbefore_string	src/buffer.c	5233					-
symbol	beginning-of-buffer	Qbeginning_of_buffer	src/data.c	3721					-
symbol	below	Qbelow	src/frame.c	6323					-
symbol	below-handle	Qbelow_handle	src/keyboard.c	11786					-
symbol	bidi-class	Qbidi_class	src/bidi.c	3531					-
symbol	big	Qbig	src/coding.c	11771					-
symbol	big5	Qbig5	src/coding.c	11775					-
symbol	bignum	Qbignum	src/data.c	3859					-
symbol	binary	Qbinary	src/sqlite.c	902					-
symbol	bitmap-spec-p	Qbitmap_spec_p	src/xfaces.c	7241					-
symbol	black	Qblack	src/xfaces.c	7296					-
symbol	bmp	Qbmp	src/image.c	12525					-
symbol	bold	Qbold	src/xfaces.c	7291					-
symbol	book	Qbook	src/xfaces.c	7290					-
symbol	bool-vector	Qbool_vector	src/data.c	3886					-
symbol	bool-vector-p	Qbool_vector_p	src/data.c	3745					-
symbol	boolean	Qboolean	src/data.c	3856					-
symbol	booleanp	Qbooleanp	src/data.c	3736					-
symbol	border	Qborder	src/xfaces.c	7330					-
symbol	border-color	Qborder_color	src/frame.c	6285					-
symbol	border-width	Qborder_width	src/frame.c	6286					-
symbol	both	Qboth	src/xdisp.c	33125					-
symbol	both-horiz	Qboth_horiz	src/xdisp.c	33126					-
symbol	bottom	Qbottom	src/keyboard.c	11790					-
symbol	bottom-divider	Qbottom_divider	src/keyboard.c	11779					-
symbol	bottom-divider-width	Qbottom_divider_width	src/frame.c	6288					-
symbol	bottom-edge	Qbottom_edge	src/keyboard.c	11854					-
symbol	bottom-left-corner	Qbottom_left_corner	src/keyboard.c	11855					-
symbol	bottom-right-corner	Qbottom_right_corner	src/keyboard.c	11853					-
symbol	boundary	Qboundary	src/editfns.c	4599					-
symbol	bounds	Qbounds	src/casefiddle.c	696					-
symbol	box	Qbox	src/xdisp.c	33147					-
symbol	bracket-type	Qbracket_type	src/bidi.c	3533					-
symbol	buffer	Qbuffer	src/data.c	3880					-
symbol	buffer-access-fontify-functions	Qbuffer_access_fontify_functions	src/editfns.c	4505					-
symbol	buffer-file-coding-system	Qbuffer_file_coding_system	src/coding.c	11753					-
symbol	buffer-list	Qbuffer_list	src/frame.c	6221					-
symbol	buffer-list-update-hook	Qbuffer_list_update_hook	src/buffer.c	6089					-
symbol	buffer-name-history	Qbuffer_name_history	src/minibuf.c	2288					-
symbol	buffer-or-string-p	Qbuffer_or_string_p	src/data.c	3749					-
symbol	buffer-position	Qbuffer_position	src/xdisp.c	33141					-
symbol	buffer-predicate	Qbuffer_predicate	src/frame.c	6220					-
symbol	buffer-read-only	Qbuffer_read_only	src/data.c	3723					-
symbol	buffer-stale-function	Qbuffer_stale_function	src/buffer.c	6183					-
symbol	bufferp	Qbufferp	src/data.c	3742					-
symbol	buffers	Qbuffers	src/alloc.c	5630					-
symbol	buried-buffer-list	Qburied_buffer_list	src/frame.c	6222					-
symbol	byte-code-function	Qbyte_code_function	src/data.c	3878					-
symbol	byte-code-function-p	Qbyte_code_function_p	src/data.c	3909					-
symbol	byte-code-meter	Qbyte_code_meter	src/bytecode.c	1809					-
symbol	c	Qc	src/font.c	6124					-
symbol	call-process	Qcall_process	src/coding.c	11733					-
symbol	call-process-region	Qcall_process_region	src/coding.c	11737					-
symbol	canonical-combining-class	Qcanonical_combining_class	src/font.c	6099					-
symbol	car	Qcar	src/data.c	3765					-
symbol	car-less-than-car	Qcar_less_than_car	src/fileio.c	6525					-
symbol	case-fold-search	Qcase_fold_search	src/buffer.c	6108					-
symbol	case-symbols-as-words	Qcase_symbols_as_words	src/casefiddle.c	732					-
symbol	case-table	Qcase_table	src/casetab.c	248					-
symbol	case-table-p	Qcase_table_p	src/casetab.c	291					-
symbol	category	Qcategory	src/textprop.c	2450					-
symbol	category-table	Qcategory_table	src/category.c	425					-
symbol	category-table-p	Qcategory_table_p	src/category.c	440					-
symbol	categoryp	Qcategoryp	src/category.c	438					-
symbol	categorysetp	Qcategorysetp	src/category.c	439					-
symbol	ccl	Qccl	src/ccl.c	2368					-
symbol	ccl-program-idx	Qccl_program_idx	src/ccl.c	2373					-
symbol	cclp	Qcclp	src/ccl.c	2369					-
symbol	cdr	Qcdr	src/data.c	3766					-
symbol	ceiling	Qceiling	src/window.c	8554					-
symbol	center	Qcenter	src/xdisp.c	33078					-
symbol	ch	Qch	src/image.c	12396					-
symbol	change	Qchange	src/gfilenotify.c	316					-
symbol	change-major-mode-hook	Qchange_major_mode_hook	src/buffer.c	6076					-
symbol	change_frame_size	Qchange_frame_size	src/frame.c	6263					-
symbol	changed	Qchanged	src/gfilenotify.c	322					-
symbol	changes-done-hint	Qchanges_done_hint	src/gfilenotify.c	323					-
symbol	char-code-property-table	Qchar_code_property_table	src/chartab.c	1354					-
symbol	char-from-name	Qchar_from_name	src/lread.c	5452					-
symbol	char-or-string-p	Qchar_or_string_p	src/data.c	3746					-
symbol	char-script-table	Qchar_script_table	src/character.c	1140					-
symbol	char-table	Qchar_table	src/data.c	3884					-
symbol	char-table-extra-slots	Qchar_table_extra_slots	src/alloc.c	5638					-
symbol	char-table-p	Qchar_table_p	src/data.c	3757					-
symbol	characterp	Qcharacterp	src/character.c	1079					-
symbol	charset	Qcharset	src/coding.c	11723					-
symbol	charsetp	Qcharsetp	src/charset.c	2355					-
symbol	child-frame-border	Qchild_frame_border	src/xfaces.c	7340					-
symbol	child-frame-border-width	Qchild_frame_border_width	src/frame.c	6296					-
symbol	choice	Qchoice	src/buffer.c	5220					-
symbol	circle	Qcircle	src/xdisp.c	33133					-
symbol	circular-list	Qcircular_list	src/data.c	3802					-
symbol	clone-indirect-buffer-hook	Qclone_indirect_buffer_hook	src/buffer.c	5265					-
symbol	clone-of	Qclone_of	src/window.c	8552					-
symbol	close	Qclose	src/inotify.c	493					-
symbol	close-nowrite	Qclose_nowrite	src/inotify.c	480					-
symbol	close-tab	Qclose_tab	src/xdisp.c	33538					-
symbol	close-write	Qclose_write	src/inotify.c	479					-
symbol	closed	Qclosed	src/process.c	7578					-
symbol	cmajflt	Qcmajflt	src/process.c	7659					-
symbol	cminflt	Qcminflt	src/process.c	7658					-
symbol	code-conversion-map	Qcode_conversion_map	src/ccl.c	2377					-
symbol	code-conversion-map-id	Qcode_conversion_map_id	src/ccl.c	2378					-
symbol	codeset	Qcodeset	src/fns.c	6676					-
symbol	coding	Qcoding	src/keyboard.c	12307					-
symbol	coding-system	Qcoding_system	src/sqlite.c	903					-
symbol	coding-system-define-form	Qcoding_system_define_form	src/coding.c	11856					-
symbol	coding-system-error	Qcoding_system_error	src/coding.c	11780					-
symbol	coding-system-history	Qcoding_system_history	src/coding.c	11725					-
symbol	coding-system-p	Qcoding_system_p	src/coding.c	11777					-
symbol	columns	Qcolumns	src/indent.c	2386					-
symbol	comm	Qcomm	src/process.c	7649					-
symbol	command-debug-status	Qcommand_debug_status	src/callint.c	840					-
symbol	command-execute	Qcommand_execute	src/keyboard.c	11907					-
symbol	command-modes	Qcommand_modes	src/data.c	4046					-
symbol	commandp	Qcommandp	src/eval.c	3887					-
symbol	comment-end-can-be-escaped	Qcomment_end_can_be_escaped	src/syntax.c	3772					-
symbol	completion-ignore-case	Qcompletion_ignore_case	src/minibuf.c	2276					-
symbol	composition	Qcomposition	src/composite.c	1964					-
symbol	condition-variable	Qcondition_variable	src/data.c	3890					-
symbol	condition-variable-p	Qcondition_variable_p	src/thread.c	1114					-
symbol	config-changed-event	Qconfig_changed_event	src/keyboard.c	11731					-
symbol	configuration	Qconfiguration	src/window.c	8560					-
symbol	connect	Qconnect	src/process.c	7579					-
symbol	cons	Qcons	src/data.c	3862					-
symbol	conses	Qconses	src/alloc.c	5624					-
symbol	consp	Qconsp	src/data.c	3732					-
symbol	continuation	Qcontinuation	src/fringe.c	1755					-
symbol	copy-directory	Qcopy_directory	src/fileio.c	6711					-
symbol	copy-file	Qcopy_file	src/fileio.c	6440					-
symbol	count	Qcount	src/image.c	12363					-
symbol	create	Qcreate	src/inotify.c	482					-
symbol	create	Qcreate	src/kqueue.c	534					-
symbol	created	Qcreated	src/gfilenotify.c	326					-
symbol	crop	Qcrop	src/image.c	12403					-
symbol	cstime	Qcstime	src/process.c	7664					-
symbol	ctime	Qctime	src/process.c	7665					-
symbol	current	Qcurrent	src/process.c	7681					-
symbol	current-input-method	Qcurrent_input_method	src/minibuf.c	2297					-
symbol	current-line	Qcurrent_line	src/xdisp.c	33664					-
symbol	current-load-list	Qcurrent_load_list	src/lread.c	5405					-
symbol	current-minibuffer-command	Qcurrent_minibuffer_command	src/keyboard.c	12069					-
symbol	cursor	Qcursor	src/xfaces.c	7329					-
symbol	cursor-color	Qcursor_color	src/frame.c	6289					-
symbol	cursor-in-echo-area	Qcursor_in_echo_area	src/fns.c	6645					-
symbol	cursor-type	Qcursor_type	src/frame.c	6290					-
symbol	curve	Qcurve	src/doc.c	682					-
symbol	custom-variable-history	Qcustom_variable_history	src/minibuf.c	2284					-
symbol	custom-variable-p	Qcustom_variable_p	src/minibuf.c	2291					-
symbol	cutime	Qcutime	src/process.c	7663					-
symbol	cw	Qcw	src/image.c	12397					-
symbol	cycle-sort-function	Qcycle_sort_function	src/minibuf.c	2300					-
symbol	cyclic-function-indirection	Qcyclic_function_indirection	src/data.c	3709					-
symbol	cyclic-variable-indirection	Qcyclic_variable_indirection	src/data.c	3710					-
symbol	d	Qd	src/font.c	6127					-
symbol	dashes	Qdashes	src/xfaces.c	7278					-
symbol	data	Qdata	src/lread.c	5446					-
symbol	datagram	Qdatagram	src/process.c	7588					-
symbol	days	Qdays	src/fns.c	6677					-
symbol	dbus-error	Qdbus_error	src/dbusbind.c	1910					-
symbol	dbus-event	Qdbus_event	src/keyboard.c	11742					-
symbol	dbus-message-internal	Qdbus_message_internal	src/dbusbind.c	1906					-
symbol	deactivate-mark	Qdeactivate_mark	src/keyboard.c	12256					-
symbol	debug	Qdebug	src/eval.c	3891					-
symbol	debug-early	Qdebug_early	src/eval.c	3892					-
symbol	debugger	Qdebugger	src/eval.c	3943					-
symbol	decomposed-characters	Qdecomposed_characters	src/dired.c	1118					-
symbol	dedicated	Qdedicated	src/window.c	8562					-
symbol	defalias-fset-function	Qdefalias_fset_function	src/data.c	3906					-
symbol	default	Qdefault	src/xfaces.c	7321					-
symbol	default-directory	Qdefault_directory	src/dired.c	1117					-
symbol	defun	Qdefun	src/data.c	3903					-
symbol	defvaralias	Qdefvaralias	src/eval.c	4021					-
symbol	delay	Qdelay	src/image.c	12365					-
symbol	delayed-warnings-hook	Qdelayed_warnings_hook	src/keyboard.c	11723					-
symbol	delete	Qdelete	src/inotify.c	483					-
symbol	delete	Qdelete	src/kqueue.c	535					-
symbol	delete	Qdelete	src/window.c	8561					-
symbol	delete-all-mode-overlays	Qdelete_all_mode_overlays	src/buffer.c	6180					-
symbol	delete-before	Qdelete_before	src/frame.c	6196					-
symbol	delete-by-moving-to-trash	Qdelete_by_moving_to_trash	src/fileio.c	6705					-
symbol	delete-char	Qdelete_char	src/keyboard.c	12294					-
symbol	delete-directory	Qdelete_directory	src/fileio.c	6714					-
symbol	delete-file	Qdelete_file	src/fileio.c	6708					-
symbol	delete-file-internal	Qdelete_file_internal	src/fileio.c	6443					-
symbol	delete-frame	Qdelete_frame	src/keyboard.c	11864					-
symbol	delete-frame-functions	Qdelete_frame_functions	src/frame.c	6472					-
symbol	delete-self	Qdelete_self	src/inotify.c	484					-
symbol	delete-terminal-functions	Qdelete_terminal_functions	src/terminal.c	672					-
symbol	delete-window	Qdelete_window	src/window.c	8538					-
symbol	deleted	Qdeleted	src/gfilenotify.c	325					-
symbol	dir-ok	Qdir_ok	src/lread.c	5434					-
symbol	directory-file-name	Qdirectory_file_name	src/fileio.c	6435					-
symbol	directory-files	Qdirectory_files	src/dired.c	1111					-
symbol	directory-files-and-attributes	Qdirectory_files_and_attributes	src/dired.c	1112					-
symbol	disable-eval	Qdisable_eval	src/xdisp.c	33095					-
symbol	disabled	Qdisabled	src/keyboard.c	11712					-
symbol	display	Qdisplay	src/xdisp.c	33069					-
symbol	display-buffer	Qdisplay_buffer	src/window.c	8545					-
symbol	display-fill-column-indicator	Qdisplay_fill_column_indicator	src/xdisp.c	33805					-
symbol	display-fill-column-indicator-character	Qdisplay_fill_column_indicator_character	src/xdisp.c	33824					-
symbol	display-fill-column-indicator-column	Qdisplay_fill_column_indicator_column	src/xdisp.c	33815					-
symbol	display-line-numbers	Qdisplay_line_numbers	src/xdisp.c	33762					-
symbol	display-line-numbers-disable	Qdisplay_line_numbers_disable	src/xdisp.c	33106					-
symbol	display-line-numbers-offset	Qdisplay_line_numbers_offset	src/xdisp.c	33796					-
symbol	display-line-numbers-widen	Qdisplay_line_numbers_widen	src/xdisp.c	33787					-
symbol	display-line-numbers-width	Qdisplay_line_numbers_width	src/xdisp.c	33774					-
symbol	display-monitors-changed-functions	Qdisplay_monitors_changed_functions	src/keyboard.c	12304					-
symbol	display-table	Qdisplay_table	src/dispnew.c	6550					-
symbol	display-type	Qdisplay_type	src/frame.c	6223					-
symbol	do-after-load-evaluation	Qdo_after_load_evaluation	src/lread.c	5435					-
symbol	domain-error	Qdomain_error	src/data.c	3829					-
symbol	dont-follow	Qdont_follow	src/inotify.c	495					-
symbol	dos	Qdos	src/coding.c	11750					-
symbol	dots	Qdots	src/xfaces.c	7277					-
symbol	double-line	Qdouble_line	src/xfaces.c	7276					-
symbol	down	Qdown	src/keyboard.c	11788					-
symbol	drag-internal-border	Qdrag_internal_border	src/keyboard.c	11847					-
symbol	drag-n-drop	Qdrag_n_drop	src/keyboard.c	11729					-
symbol	drag-source	Qdrag_source	src/xdisp.c	33157					-
symbol	drag-with-header-line	Qdrag_with_header_line	src/xdisp.c	33160					-
symbol	drag-with-mode-line	Qdrag_with_mode_line	src/xdisp.c	33159					-
symbol	drag-with-tab-line	Qdrag_with_tab_line	src/xdisp.c	33161					-
symbol	dragging	Qdragging	src/xdisp.c	33155					-
symbol	dropping	Qdropping	src/xdisp.c	33156					-
symbol	dump-emacs-portable--sort-predicate	Qdump_emacs_portable__sort_predicate	src/pdumper_write.c	3766					-
symbol	dump-emacs-portable--sort-predicate-copied	Qdump_emacs_portable__sort_predicate_copied	src/pdumper_write.c	3768					-
symbol	dumped-with-pdumper	Qdumped_with_pdumper	src/pdumper_write.c	3770					-
symbol	echo-area-clear-hook	Qecho_area_clear_hook	src/keyboard.c	12299					-
symbol	echo-keystrokes	Qecho_keystrokes	src/keyboard.c	11841					-
symbol	edge-detection	Qedge_detection	src/image.c	12388					-
symbol	egid	Qegid	src/process.c	7646					-
symbol	eight-bit	Qeight_bit	src/charset.c	2361					-
symbol	elt	Qelt	src/data.c	3768					-
symbol	em	Qem	src/image.c	12395					-
symbol	emacs	Qemacs	src/charset.c	2360					-
symbol	emacs-mule	Qemacs_mule	src/coding.c	11792					-
symbol	emboss	Qemboss	src/image.c	12387					-
symbol	emoji	Qemoji	src/font.c	6106					-
symbol	empty-box	Qempty_box	src/xdisp.c	33899					-
symbol	empty-line	Qempty_line	src/fringe.c	1757					-
symbol	enable-recursive-minibuffers	Qenable_recursive_minibuffers	src/callint.c	841					-
symbol	encode-time	Qencode_time	src/timefns.c	2055					-
symbol	encoded	Qencoded	src/keyboard.c	11879					-
symbol	end-of-buffer	Qend_of_buffer	src/data.c	3722					-
symbol	end-of-file	Qend_of_file	src/data.c	3719					-
symbol	end-scroll	Qend_scroll	src/keyboard.c	11791					-
symbol	end-session	Qend_session	src/keyboard.c	11738					-
symbol	eq	Qeq	src/fns.c	6588					-
symbol	eql	Qeql	src/fns.c	6589					-
symbol	equal	Qequal	src/fns.c	6590					-
symbol	error	Qerror	src/data.c	3700					-
symbol	error-conditions	Qerror_conditions	src/data.c	3696					-
symbol	error-message	Qerror_message	src/data.c	3697					-
symbol	escape-glyph	Qescape_glyph	src/xdisp.c	33112					-
symbol	etime	Qetime	src/process.c	7676					-
symbol	euid	Qeuid	src/process.c	7645					-
symbol	eval	Qeval	src/xdisp.c	33065					-
symbol	eval-buffer-list	Qeval_buffer_list	src/lread.c	5433					-
symbol	evaporate	Qevaporate	src/buffer.c	5227					-
symbol	even	Qeven	src/process.c	7605					-
symbol	event-kind	Qevent_kind	src/keyboard.c	11802					-
symbol	event-symbol-element-mask	Qevent_symbol_element_mask	src/keyboard.c	11810					-
symbol	event-symbol-elements	Qevent_symbol_elements	src/keyboard.c	11803					-
symbol	excessive-lisp-nesting	Qexcessive_lisp_nesting	src/data.c	3729					-
symbol	excessive-variable-binding	Qexcessive_variable_binding	src/data.c	3728					-
symbol	excl	Qexcl	src/fileio.c	6490					-
symbol	exit	Qexit	src/eval.c	3884					-
symbol	expand-abbrev	Qexpand_abbrev	src/cmds.c	512					-
symbol	expand-file-name	Qexpand_file_name	src/fileio.c	6433					-
symbol	explicit-name	Qexplicit_name	src/frame.c	6184					-
symbol	extend	Qextend	src/kqueue.c	537					-
symbol	extension-data	Qextension_data	src/image.c	12364					-
symbol	external-border-size	Qexternal_border_size	src/frame.c	6254					-
symbol	external-debugging-output	Qexternal_debugging_output	src/print.c	2748					-
symbol	extra-bold	Qextra_bold	src/xfaces.c	7292					-
symbol	extra-light	Qextra_light	src/xfaces.c	7284					-
symbol	face	Qface	src/textprop.c	2446					-
symbol	face	Qface	src/xfaces.c	7235					-
symbol	face-alias	Qface_alias	src/xfaces.c	7318					-
symbol	face-no-inherit	Qface_no_inherit	src/xfaces.c	7238					-
symbol	face-remapping-alist	Qface_remapping_alist	src/xfaces.c	7507					-
symbol	face-set-after-frame-default	Qface_set_after_frame_default	src/frame.c	6230					-
symbol	failed	Qfailed	src/process.c	7580					-
symbol	false	Qfalse	src/sqlite.c	899					-
symbol	fboundp	Qfboundp	src/data.c	3751					-
symbol	features	Qfeatures	src/fns.c	6667					-
symbol	field	Qfield	src/editfns.c	4596					-
symbol	file-accessible-directory-p	Qfile_accessible_directory_p	src/fileio.c	6456					-
symbol	file-acl	Qfile_acl	src/fileio.c	6463					-
symbol	file-already-exists	Qfile_already_exists	src/fileio.c	6483					-
symbol	file-attributes	Qfile_attributes	src/dired.c	1115					-
symbol	file-attributes-lessp	Qfile_attributes_lessp	src/dired.c	1116					-
symbol	file-date-error	Qfile_date_error	src/fileio.c	6484					-
symbol	file-directory-p	Qfile_directory_p	src/fileio.c	6454					-
symbol	file-error	Qfile_error	src/fileio.c	6482					-
symbol	file-executable-p	Qfile_executable_p	src/fileio.c	6449					-
symbol	file-exists-p	Qfile_exists_p	src/fileio.c	6448					-
symbol	file-locked-p	Qfile_locked_p	src/filelock.c	802					-
symbol	file-missing	Qfile_missing	src/fileio.c	6485					-
symbol	file-modes	Qfile_modes	src/fileio.c	6457					-
symbol	file-name-all-completions	Qfile_name_all_completions	src/dired.c	1114					-
symbol	file-name-as-directory	Qfile_name_as_directory	src/fileio.c	6439					-
symbol	file-name-case-insensitive-p	Qfile_name_case_insensitive_p	src/fileio.c	6444					-
symbol	file-name-completion	Qfile_name_completion	src/dired.c	1113					-
symbol	file-name-directory	Qfile_name_directory	src/fileio.c	6436					-
symbol	file-name-handler-alist	Qfile_name_handler_alist	src/emacs.c	3185					-
symbol	file-name-history	Qfile_name_history	src/fileio.c	6479					-
symbol	file-name-nondirectory	Qfile_name_nondirectory	src/fileio.c	6437					-
symbol	file-newer-than-file-p	Qfile_newer_than_file_p	src/fileio.c	6465					-
symbol	file-notify	Qfile_notify	src/keyboard.c	11755					-
symbol	file-notify-error	Qfile_notify_error	src/fileio.c	6488					-
symbol	file-offset	Qfile_offset	src/fileio.c	6487					-
symbol	file-readable-p	Qfile_readable_p	src/fileio.c	6450					-
symbol	file-regular-p	Qfile_regular_p	src/fileio.c	6455					-
symbol	file-selinux-context	Qfile_selinux_context	src/fileio.c	6461					-
symbol	file-symlink-p	Qfile_symlink_p	src/fileio.c	6452					-
symbol	file-system-info	Qfile_system_info	src/fileio.c	6470					-
symbol	file-writable-p	Qfile_writable_p	src/fileio.c	6451					-
symbol	filenamep	Qfilenamep	src/coding.c	11861					-
symbol	fill-column-indicator	Qfill_column_indicator	src/xdisp.c	33109					-
symbol	finalizer	Qfinalizer	src/data.c	3865					-
symbol	find-file-literally-line-length	Qfind_file_literally_line_length	src/fileio.c	6460					-
symbol	first-change-hook	Qfirst_change_hook	src/buffer.c	5235					-
symbol	fixnum	Qfixnum	src/data.c	3858					-
symbol	fixnump	Qfixnump	src/data.c	3734					-
symbol	flat-button	Qflat_button	src/xfaces.c	7281					-
symbol	float	Qfloat	src/data.c	3869					-
symbol	float-output-format	Qfloat_output_format	src/print.c	2784					-
symbol	floatp	Qfloatp	src/data.c	3753					-
symbol	floats	Qfloats	src/alloc.c	5628					-
symbol	floor	Qfloor	src/window.c	8553					-
symbol	focus-in	Qfocus_in	src/keyboard.c	11861					-
symbol	focus-out	Qfocus_out	src/keyboard.c	11862					-
symbol	font	Qfont	src/textprop.c	2445					-
symbol	font-backend	Qfont_backend	src/frame.c	6291					-
symbol	font-driver-superseded-by	Qfont_driver_superseded_by	src/font.c	6141					-
symbol	font-entity	Qfont_entity	src/data.c	3892					-
symbol	font-extra-type	Qfont_extra_type	src/font.c	6140					-
symbol	font-lock-dont-widen	Qfont_lock_dont_widen	src/xdisp.c	33088					-
symbol	font-lock-extra-managed-props	Qfont_lock_extra_managed_props	src/buffer.c	6181					-
symbol	font-lock-face	Qfont_lock_face	src/keymap.c	3441					-
symbol	font-lock-fontify-region	Qfont_lock_fontify_region	src/buffer.c	6182					-
symbol	font-object	Qfont_object	src/data.c	3893					-
symbol	font-spec	Qfont_spec	src/data.c	3891					-
symbol	fontification-functions	Qfontification_functions	src/xdisp.c	33087					-
symbol	fontified	Qfontified	src/xdisp.c	33086					-
symbol	fontset	Qfontset	src/fontset.c	2145					-
symbol	fontset-info	Qfontset_info	src/fontset.c	2147					-
symbol	foreground-color	Qforeground_color	src/xfaces.c	7305					-
symbol	format-annotate-function	Qformat_annotate_function	src/fileio.c	6519					-
symbol	format-decode	Qformat_decode	src/fileio.c	6518					-
symbol	fraction	Qfraction	src/buffer.c	5252					-
symbol	frame	Qframe	src/data.c	3881					-
symbol	frame-edges	Qframe_edges	src/frame.c	6248					-
symbol	frame-live-p	Qframe_live_p	src/frame.c	6180					-
symbol	frame-monitor-attributes	Qframe_monitor_attributes	src/frame.c	6182					-
symbol	frame-set-background-mode	Qframe_set_background_mode	src/xfaces.c	7245					-
symbol	frame-windows-min-size	Qframe_windows_min_size	src/frame.c	6181					-
symbol	framep	Qframep	src/frame.c	6179					-
symbol	frames	Qframes	src/frame.c	6245					-
symbol	freetype	Qfreetype	src/ftfont.c	3172					-
symbol	freetypehb	Qfreetypehb	src/ftfont.c	3174					-
symbol	fringe	Qfringe	src/xfaces.c	7324					-
symbol	from--tty-menu-p	Qfrom__tty_menu_p	src/fns.c	6799					-
symbol	front-sticky	Qfront_sticky	src/textprop.c	2452					-
symbol	ftcr	Qftcr	src/ftcrfont.c	753					-
symbol	ftcrhb	Qftcrhb	src/ftcrfont.c	755					-
symbol	full	Qfull	src/sqlite.c	883					-
symbol	fullboth	Qfullboth	src/frame.c	6234					-
symbol	fullheight	Qfullheight	src/frame.c	6233					-
symbol	fullscreen	Qfullscreen	src/frame.c	6292					-
symbol	fullwidth	Qfullwidth	src/frame.c	6232					-
symbol	funcall	Qfuncall	src/fns.c	6671					-
symbol	funcall-interactively	Qfuncall_interactively	src/callint.c	839					-
symbol	function	Qfunction	src/lread.c	5430					-
symbol	function-documentation	Qfunction_documentation	src/doc.c	679					-
symbol	function-history	Qfunction_history	src/data.c	3907					-
symbol	function-key	Qfunction_key	src/keyboard.c	11724					-
symbol	functionp	Qfunctionp	src/eval.c	4058					-
symbol	fundamental-mode	Qfundamental_mode	src/buffer.c	5057					-
symbol	gc-cons-percentage	Qgc_cons_percentage	src/alloc.c	5636					-
symbol	gc-cons-threshold	Qgc_cons_threshold	src/alloc.c	5637					-
symbol	gdiplus	Qgdiplus	src/image.c	12530					-
symbol	gdk-pixbuf	Qgdk_pixbuf	src/image.c	12499					-
symbol	geometry	Qgeometry	src/frame.c	6202					-
symbol	get-buffer-window-list	Qget_buffer_window_list	src/fileio.c	6717					-
symbol	get-emacs-mule-file-char	Qget_emacs_mule_file_char	src/lread.c	5412					-
symbol	get-file-buffer	Qget_file_buffer	src/buffer.c	5231					-
symbol	get-file-char	Qget_file_char	src/lread.c	5408					-
symbol	get-mru-window	Qget_mru_window	src/window.c	8548					-
symbol	get-scratch-buffer-create	Qget_scratch_buffer_create	src/buffer.c	5239					-
symbol	gif	Qgif	src/image.c	12469					-
symbol	gio	Qgio	src/image.c	12502					-
symbol	glib	Qglib	src/image.c	12500					-
symbol	global-mark-ring	Qglobal_mark_ring	src/editfns.c	4559					-
symbol	global-mark-ring-max	Qglobal_mark_ring_max	src/editfns.c	4564					-
symbol	glyphless-char	Qglyphless_char	src/xdisp.c	33895					-
symbol	glyphless-char-display	Qglyphless_char_display	src/xdisp.c	33911					-
symbol	gnutls-anon	Qgnutls_anon	src/gnutls.c	3008					-
symbol	gnutls-code	Qgnutls_code	src/gnutls.c	3007					-
symbol	gnutls-digest-algorithm	Qgnutls_type_digest_algorithm	src/gnutls.c	3059					-
symbol	gnutls-e-again	Qgnutls_e_again	src/gnutls.c	3065					-
symbol	gnutls-e-interrupted	Qgnutls_e_interrupted	src/gnutls.c	3061					-
symbol	gnutls-e-invalid-session	Qgnutls_e_invalid_session	src/gnutls.c	3069					-
symbol	gnutls-e-not-ready-for-handshake	Qgnutls_e_not_ready_for_handshake	src/gnutls.c	3073					-
symbol	gnutls-mac-algorithm	Qgnutls_type_mac_algorithm	src/gnutls.c	3058					-
symbol	gnutls-symmetric-cipher	Qgnutls_type_cipher	src/gnutls.c	3057					-
symbol	gnutls-x509pki	Qgnutls_x509pki	src/gnutls.c	3009					-
symbol	gobject	Qgobject	src/image.c	12504					-
symbol	grave	Qgrave	src/doc.c	680					-
symbol	group	Qgroup	src/process.c	7648					-
symbol	grow-only	Qgrow_only	src/xdisp.c	33138					-
symbol	gui-set-selection	Qgui_set_selection	src/keyboard.c	11822					-
symbol	gui_figure_window_size	Qgui_figure_window_size	src/frame.c	6269					-
symbol	haiku	Qhaiku	src/frame.c	6218					-
symbol	hand	Qhand	src/xdisp.c	33151					-
symbol	handle	Qhandle	src/keyboard.c	11785					-
symbol	handle-select-window	Qhandle_select_window	src/keyboard.c	11830					-
symbol	handle-shift-selection	Qhandle_shift_selection	src/callint.c	837					-
symbol	handle-switch-frame	Qhandle_switch_frame	src/keyboard.c	11829					-
symbol	hash-table	Qhash_table	src/data.c	3887					-
symbol	hash-table	Qhash_table	src/lread.c	5445					-
symbol	hash-table-p	Qhash_table_p	src/fns.c	6587					-
symbol	hash-table-test	Qhash_table_test	src/fns.c	6599					-
symbol	hbar	Qhbar	src/xdisp.c	33146					-
symbol	header-line	Qheader_line	src/xfaces.c	7326					-
symbol	header-line-format	Qheader_line_format	src/window.c	8557					-
symbol	heap	Qheap	src/alloc.c	5633					-
symbol	heavy	Qheavy	src/xfaces.c	7294					-
symbol	heic	Qheic	src/image.c	12517					-
symbol	height	Qheight	src/frame.c	6185					-
symbol	height-only	Qheight_only	src/frame.c	6330					-
symbol	help--append-keystrokes-help	Qhelp__append_keystrokes_help	src/keyboard.c	11839					-
symbol	help--describe-map-tree	Qhelp__describe_map_tree	src/keymap.c	3335					-
symbol	help-echo	Qhelp_echo	src/keyboard.c	11691					-
symbol	help-echo-inhibit-substitution	Qhelp_echo_inhibit_substitution	src/keyboard.c	11692					-
symbol	help-form-show	Qhelp_form_show	src/keyboard.c	11835					-
symbol	help-key-binding	Qhelp_key_binding	src/keyboard.c	11837					-
symbol	help-key-binding	Qhelp_key_binding	src/keymap.c	3442					-
symbol	heuristic	Qheuristic	src/image.c	12389					-
symbol	hex-code	Qhex_code	src/xdisp.c	33898					-
symbol	hide	Qhide	src/menu.c	1612					-
symbol	hl-line-sticky-flag	Qhl_line_sticky_flag	src/buffer.c	6186					-
symbol	hl-line-unhighlight	Qhl_line_unhighlight	src/buffer.c	6187					-
symbol	hollow	Qhollow	src/xdisp.c	33148					-
symbol	hollow-small	Qhollow_small	src/fringe.c	1759					-
symbol	horizontal-handle	Qhorizontal_handle	src/keyboard.c	11794					-
symbol	horizontal-scroll-bar	Qhorizontal_scroll_bar	src/buffer.c	5250					-
symbol	horizontal-scroll-bars	Qhorizontal_scroll_bars	src/frame.c	6293					-
symbol	hw	Qhw	src/process.c	7607					-
symbol	icon	Qicon	src/frame.c	6186					-
symbol	icon-left	Qicon_left	src/frame.c	6203					-
symbol	icon-name	Qicon_name	src/frame.c	6294					-
symbol	icon-top	Qicon_top	src/frame.c	6204					-
symbol	icon-type	Qicon_type	src/frame.c	6295					-
symbol	iconify-frame	Qiconify_frame	src/keyboard.c	11865					-
symbol	iconify-top-level	Qiconify_top_level	src/frame.c	6333					-
symbol	identity	Qidentity	src/casefiddle.c	697					-
symbol	if	Qif	src/callint.c	830					-
symbol	if-regular	Qif_regular	src/fileio.c	6787					-
symbol	ignore	Qignore	src/buffer.c	6184					-
symbol	ignore-self-insert	Qignore_self_insert	src/keymap.c	3411					-
symbol	ignored	Qignored	src/coding.c	11858					-
symbol	image	Qimage	src/xdisp.c	33121					-
symbol	imagemagick	Qimagemagick	src/image.c	12488					-
symbol	inhibit-changing-match-data	Qinhibit_changing_match_data	src/search.c	3413					-
symbol	inhibit-debugger	Qinhibit_debugger	src/eval.c	3879					-
symbol	inhibit-double-buffering	Qinhibit_double_buffering	src/frame.c	6321					-
symbol	inhibit-eval-during-redisplay	Qinhibit_eval_during_redisplay	src/xdisp.c	33139					-
symbol	inhibit-file-name-operation	Qinhibit_file_name_operation	src/lread.c	5428					-
symbol	inhibit-free-realized-faces	Qinhibit_free_realized_faces	src/xdisp.c	33163					-
symbol	inhibit-menubar-update	Qinhibit_menubar_update	src/xdisp.c	33136					-
symbol	inhibit-modification-hooks	Qinhibit_modification_hooks	src/insdel.c	2174					-
symbol	inhibit-point-motion-hooks	Qinhibit_point_motion_hooks	src/xdisp.c	33064					-
symbol	inhibit-quit	Qinhibit_quit	src/eval.c	3877					-
symbol	inhibit-read-only	Qinhibit_read_only	src/undo.c	228					-
symbol	inhibit-redisplay	Qinhibit_redisplay	src/xdisp.c	33015					-
symbol	inhibited-interaction	Qinhibited_interaction	src/data.c	3726					-
symbol	inner-edges	Qinner_edges	src/frame.c	6253					-
symbol	input-method-exit-on-first-char	Qinput_method_exit_on_first_char	src/keyboard.c	11832					-
symbol	input-method-use-echo-area	Qinput_method_use_echo_area	src/keyboard.c	11833					-
symbol	insert-behind-hooks	Qinsert_behind_hooks	src/buffer.c	5230					-
symbol	insert-file-contents	Qinsert_file_contents	src/fileio.c	6466					-
symbol	insert-in-front-hooks	Qinsert_in_front_hooks	src/buffer.c	5229					-
symbol	inserted-chars	Qinserted_chars	src/fileio.c	6491					-
symbol	insufficient-source	Qinsufficient_source	src/coding.c	11850					-
symbol	intangible	Qintangible	src/textprop.c	2449					-
symbol	integer	Qinteger	src/data.c	3857					-
symbol	integer-or-marker-p	Qinteger_or_marker_p	src/data.c	3750					-
symbol	integerp	Qintegerp	src/data.c	3735					-
symbol	interactive	Qinteractive	src/eval.c	3886					-
symbol	interactive-args	Qinteractive_args	src/callint.c	911					-
symbol	interactive-form	Qinteractive_form	src/data.c	3905					-
symbol	interactive-p	Qinteractive_p	src/bytecode.c	1786					-
symbol	internal--syntax-propertize	Qinternal__syntax_propertize	src/syntax.c	3735					-
symbol	internal-auto-fill	Qinternal_auto_fill	src/cmds.c	506					-
symbol	internal-border	Qinternal_border	src/xfaces.c	7339					-
symbol	internal-border-width	Qinternal_border_width	src/frame.c	6297					-
symbol	internal-default-interrupt-process	Qinternal_default_interrupt_process	src/process.c	7742					-
symbol	internal-default-process-filter	Qinternal_default_process_filter	src/process.c	7668					-
symbol	internal-default-process-sentinel	Qinternal_default_process_sentinel	src/process.c	7666					-
symbol	internal-default-signal-process	Qinternal_default_signal_process	src/process.c	7746					-
symbol	internal-echo-keystrokes-prefix	Qinternal_echo_keystrokes_prefix	src/keyboard.c	11908					-
symbol	internal-when-entered-debugger	Qinternal_when_entered_debugger	src/eval.c	3982					-
symbol	interpreted-function	Qinterpreted_function	src/data.c	3879					-
symbol	interrupt-process-functions	Qinterrupt_process_functions	src/process.c	7744					-
symbol	interrupted	Qinterrupted	src/coding.c	11852					-
symbol	intervals	Qintervals	src/alloc.c	5629					-
symbol	invalid-function	Qinvalid_function	src/data.c	3716					-
symbol	invalid-read-syntax	Qinvalid_read_syntax	src/data.c	3714					-
symbol	invalid-regexp	Qinvalid_regexp	src/search.c	3383					-
symbol	invalid-source	Qinvalid_source	src/coding.c	11851					-
symbol	invisible	Qinvisible	src/textprop.c	2448					-
symbol	ipv4	Qipv4	src/process.c	7583					-
symbol	ipv6	Qipv6	src/process.c	7585					-
symbol	isdir	Qisdir	src/inotify.c	498					-
symbol	iso-2022	Qiso_2022	src/coding.c	11759					-
symbol	iso-8859-1	Qiso_8859_1	src/charset.c	2362					-
symbol	iso10646-1	Qiso10646_1	src/font.c	6104					-
symbol	iso8859-1	Qiso8859_1	src/font.c	6103					-
symbol	italic	Qitalic	src/xfaces.c	7298					-
symbol	iv-auto	Qiv_auto	src/fns.c	6630					-
symbol	ja	Qja	src/font.c	6131					-
symbol	jit-lock-chunk-size	Qjit_lock_chunk_size	src/tree-sitter.c	1900					-
symbol	jpeg	Qjpeg	src/image.c	12459					-
symbol	json-end-of-file	Qjson_end_of_file	src/json.c	1764					-
symbol	json-error	Qjson_error	src/json.c	1761					-
symbol	json-escape-sequence-error	Qjson_escape_sequence_error	src/json.c	1770					-
symbol	json-invalid-surrogate-error	Qjson_invalid_surrogate_error	src/json.c	1768					-
symbol	json-number-out-of-range-error	Qjson_number_out_of_range	src/json.c	1769					-
symbol	json-object-too-deep	Qjson_object_too_deep	src/json.c	1766					-
symbol	json-out-of-memory	Qjson_out_of_memory	src/json.c	1762					-
symbol	json-parse-error	Qjson_parse_error	src/json.c	1763					-
symbol	json-parse-string	Qjson_parse_string	src/json.c	1794					-
symbol	json-serialize	Qjson_serialize	src/json.c	1793					-
symbol	json-trailing-content	Qjson_trailing_content	src/json.c	1765					-
symbol	json-utf8-decode-error	Qjson_utf8_decode_error	src/json.c	1767					-
symbol	json-value-p	Qjson_value_p	src/json.c	1759					-
symbol	kbd-macro-termination-hook	Qkbd_macro_termination_hook	src/macros.c	417					-
symbol	keep-ratio	Qkeep_ratio	src/frame.c	6328					-
symbol	key	Qkey	src/fns.c	6597					-
symbol	key-and-value	Qkey_and_value	src/fns.c	6601					-
symbol	key-or-value	Qkey_or_value	src/fns.c	6600					-
symbol	key-parse	Qkey_parse	src/keymap.c	3477					-
symbol	key-valid-p	Qkey_valid_p	src/keymap.c	3478					-
symbol	keymap	Qkeymap	src/keymap.c	3334					-
symbol	keymap-canonicalize	Qkeymap_canonicalize	src/keymap.c	3337					-
symbol	keymapp	Qkeymapp	src/keymap.c	3427					-
symbol	kill-buffer--possibly-save	Qkill_buffer__possibly_save	src/buffer.c	6178					-
symbol	kill-buffer-hook	Qkill_buffer_hook	src/buffer.c	5064					-
symbol	kill-buffer-query-functions	Qkill_buffer_query_functions	src/buffer.c	5238					-
symbol	kill-emacs	Qkill_emacs	src/emacs.c	3187					-
symbol	kill-emacs-hook	Qkill_emacs_hook	src/emacs.c	3188					-
symbol	kill-forward-chars	Qkill_forward_chars	src/cmds.c	507					-
symbol	ko	Qko	src/font.c	6132					-
symbol	lambda	Qlambda	src/data.c	3695					-
symbol	language-change	Qlanguage_change	src/keyboard.c	11737					-
symbol	laplace	Qlaplace	src/image.c	12386					-
symbol	last-arrow-position	Qlast_arrow_position	src/xdisp.c	33169					-
symbol	last-arrow-string	Qlast_arrow_string	src/xdisp.c	33170					-
symbol	last-nonmenu-event	Qlast_nonmenu_event	src/process.c	7637					-
symbol	last-selected-window	Qlast_selected_window	src/buffer.c	5975					-
symbol	latin	Qlatin	src/fontset.c	2151					-
symbol	left	Qleft	src/buffer.c	5221					-
symbol	left	Qleft	src/keyboard.c	11796					-
symbol	left-edge	Qleft_edge	src/keyboard.c	11848					-
symbol	left-fringe	Qleft_fringe	src/frame.c	6298					-
symbol	left-fringe-help	Qleft_fringe_help	src/frame.c	6299					-
symbol	left-margin	Qleft_margin	src/xdisp.c	33076					-
symbol	left-only	Qleft_only	src/frame.c	6331					-
symbol	left-to-right	Qleft_to_right	src/xdisp.c	33217					-
symbol	leftmost	Qleftmost	src/keyboard.c	11798					-
symbol	let	Qlet	src/callint.c	829					-
symbol	let*	Qletx	src/callint.c	832					-
symbol	lexical-binding	Qlexical_binding	src/lread.c	5380					-
symbol	libgif-version	Qlibgif_version	src/image.c	12426					-
symbol	libjpeg-version	Qlibjpeg_version	src/image.c	12436					-
symbol	libpng-version	Qlibpng_version	src/image.c	12418					-
symbol	light	Qlight	src/xfaces.c	7286					-
symbol	line	Qline	src/xfaces.c	7274					-
symbol	line-height	Qline_height	src/xdisp.c	33079					-
symbol	line-number	Qline_number	src/xdisp.c	33101					-
symbol	line-number-current-line	Qline_number_current_line	src/xdisp.c	33102					-
symbol	line-number-major-tick	Qline_number_major_tick	src/xdisp.c	33103					-
symbol	line-number-minor-tick	Qline_number_minor_tick	src/xdisp.c	33104					-
symbol	line-prefix	Qline_prefix	src/xdisp.c	33733					-
symbol	line-spacing	Qline_spacing	src/frame.c	6300					-
symbol	link	Qlink	src/kqueue.c	539					-
symbol	lisp-directory	Qlisp_directory	src/doc.c	677					-
symbol	list	Qlist	src/callint.c	828					-
symbol	list-or-vector-p	Qlist_or_vector_p	src/fns.c	6673					-
symbol	list-system-processes	Qlist_system_processes	src/process.c	7566					-
symbol	listen	Qlisten	src/process.c	7581					-
symbol	listp	Qlistp	src/data.c	3731					-
symbol	little	Qlittle	src/coding.c	11772					-
symbol	load	Qload	src/lread.c	5431					-
symbol	load-file-name	Qload_file_name	src/lread.c	5432					-
symbol	load-force-doc-strings	Qload_force_doc_strings	src/lread.c	5414					-
symbol	load-in-progress	Qload_in_progress	src/lread.c	5255					-
symbol	load-time	Qload_time	src/pdumper_write.c	3771					-
symbol	local	Qlocal	src/process.c	7582					-
symbol	local-map	Qlocal_map	src/textprop.c	2451					-
symbol	lock-file	Qlock_file	src/filelock.c	800					-
symbol	long	Qlong	src/xdisp.c	33239					-
symbol	lowercase	Qlowercase	src/casefiddle.c	699					-
symbol	lread--unescaped-character-literals	Qlread_unescaped_character_literals	src/lread.c	5400					-
symbol	m	Qm	src/font.c	6125					-
symbol	mac	Qmac	src/coding.c	11751					-
symbol	macro	Qmacro	src/eval.c	3880					-
symbol	macroexp--dynvars	Qmacroexp__dynvars	src/lread.c	5462					-
symbol	majflt	Qmajflt	src/process.c	7657					-
symbol	make-cursor-line-fully-visible	Qmake_cursor_line_fully_visible	src/xdisp.c	33530					-
symbol	make-directory	Qmake_directory	src/fileio.c	6442					-
symbol	make-directory-internal	Qmake_directory_internal	src/fileio.c	6441					-
symbol	make-frame-visible	Qmake_frame_visible	src/keyboard.c	11866					-
symbol	make-invisible	Qmake_invisible	src/frame.c	6334					-
symbol	make-lock-file-name	Qmake_lock_file_name	src/filelock.c	803					-
symbol	make-process	Qmake_process	src/process.c	7565					-
symbol	make-symbolic-link	Qmake_symbolic_link	src/fileio.c	6447					-
symbol	make-window-start-visible	Qmake_window_start_visible	src/xdisp.c	33535					-
symbol	makunbound	Qmakunbound	src/data.c	4042					-
symbol	many	Qmany	src/data.c	3763					-
symbol	margin	Qmargin	src/xdisp.c	33074					-
symbol	mark-for-redisplay	Qmark_for_redisplay	src/window.c	8555					-
symbol	mark-inactive	Qmark_inactive	src/data.c	3725					-
symbol	marker	Qmarker	src/data.c	3863					-
symbol	markerp	Qmarkerp	src/data.c	3747					-
symbol	maximized	Qmaximized	src/frame.c	6235					-
symbol	md5	Qmd5	src/fns.c	6632					-
symbol	medium	Qmedium	src/xfaces.c	7288					-
symbol	memory-info	Qmemory_info	src/alloc.c	5623					-
symbol	menu	Qmenu	src/xfaces.c	7328					-
symbol	menu-bar	Qmenu_bar	src/keymap.c	3413					-
symbol	menu-bar-external	Qmenu_bar_external	src/frame.c	6256					-
symbol	menu-bar-lines	Qmenu_bar_lines	src/frame.c	6301					-
symbol	menu-bar-size	Qmenu_bar_size	src/frame.c	6257					-
symbol	menu-bar-update-hook	Qmenu_bar_update_hook	src/xdisp.c	33060					-
symbol	menu-enable	Qmenu_enable	src/keyboard.c	11734					-
symbol	menu-item	Qmenu_item	src/keymap.c	3429					-
symbol	message	Qmessage	src/process.c	7752					-
symbol	metadata	Qmetadata	src/minibuf.c	2299					-
symbol	min-height	Qmin_height	src/frame.c	6326					-
symbol	min-width	Qmin_width	src/frame.c	6325					-
symbol	minflt	Qminflt	src/process.c	7656					-
symbol	minibuffer	Qminibuffer	src/frame.c	6187					-
symbol	minibuffer-completing-file-name	Qminibuffer_completing_file_name	src/minibuf.c	2307					-
symbol	minibuffer-completion-table	Qminibuffer_completion_table	src/minibuf.c	2280					-
symbol	minibuffer-default	Qminibuffer_default	src/minibuf.c	2277					-
symbol	minibuffer-exit	Qminibuffer_exit	src/minibuf.c	2303					-
symbol	minibuffer-exit-hook	Qminibuffer_exit_hook	src/minibuf.c	2295					-
symbol	minibuffer-follows-selected-frame	Qminibuffer_follows_selected_frame	src/minibuf.c	2274					-
symbol	minibuffer-history	Qminibuffer_history	src/minibuf.c	2287					-
symbol	minibuffer-inactive-mode	Qminibuffer_inactive_mode	src/minibuf.c	2306					-
symbol	minibuffer-mode	Qminibuffer_mode	src/minibuf.c	2305					-
symbol	minibuffer-prompt	Qminibuffer_prompt	src/textprop.c	2455					-
symbol	minibuffer-quit	Qminibuffer_quit	src/data.c	3703					-
symbol	minibuffer-setup-hook	Qminibuffer_setup_hook	src/minibuf.c	2294					-
symbol	mirroring	Qmirroring	src/bidi.c	3532					-
symbol	mm-size	Qmm_size	src/frame.c	6241					-
symbol	mode-class	Qmode_class	src/buffer.c	5060					-
symbol	mode-line	Qmode_line	src/keymap.c	3414					-
symbol	mode-line-active	Qmode_line_active	src/xfaces.c	7333					-
symbol	mode-line-default-help-echo	Qmode_line_default_help_echo	src/xdisp.c	33204					-
symbol	mode-line-format	Qmode_line_format	src/window.c	8556					-
symbol	mode-line-inactive	Qmode_line_inactive	src/xfaces.c	7332					-
symbol	mode-overlay	Qmode_overlay	src/buffer.c	5242					-
symbol	mode-overlay-face-alist	Qmode_overlay_face_alist	src/buffer.c	5240					-
symbol	mode-overlay-filter-buffer-substring-function	Qmode_overlay_filter_buffer_substring_function	src/buffer.c	5244					-
symbol	mode-overlay-on-switch-to-buffer	Qmode_overlay_on_switch_to_buffer	src/buffer.c	5243					-
symbol	mode-overlay-p	Qmode_overlay_p	src/buffer.c	5241					-
symbol	modeline	Qmodeline	src/frame.c	6197					-
symbol	modification-hooks	Qmodification_hooks	src/buffer.c	5228					-
symbol	modifier-cache	Qmodifier_cache	src/keyboard.c	11816					-
symbol	modify	Qmodify	src/inotify.c	485					-
symbol	module-function	Qmodule_function	src/data.c	3866					-
symbol	mono	Qmono	src/ftfont.c	3179					-
symbol	monospace	Qmonospace	src/ftfont.c	3183					-
symbol	months	Qmonths	src/fns.c	6678					-
symbol	mouse	Qmouse	src/xfaces.c	7331					-
symbol	mouse-click	Qmouse_click	src/keyboard.c	11727					-
symbol	mouse-color	Qmouse_color	src/frame.c	6303					-
symbol	mouse-face	Qmouse_face	src/textprop.c	2454					-
symbol	mouse-fixup-help-message	Qmouse_fixup_help_message	src/keyboard.c	11782					-
symbol	mouse-leave-buffer-hook	Qmouse_leave_buffer_hook	src/callint.c	842					-
symbol	mouse-movement	Qmouse_movement	src/keyboard.c	11858					-
symbol	mouse-wheel-frame	Qmouse_wheel_frame	src/frame.c	6327					-
symbol	move	Qmove	src/inotify.c	492					-
symbol	move-frame	Qmove_frame	src/keyboard.c	11863					-
symbol	move-self	Qmove_self	src/inotify.c	486					-
symbol	move-toolbar	Qmove_toolbar	src/frame.c	6773					-
symbol	moved	Qmoved	src/gfilenotify.c	331					-
symbol	moved-from	Qmoved_from	src/inotify.c	487					-
symbol	moved-to	Qmoved_to	src/inotify.c	488					-
symbol	mutex	Qmutex	src/data.c	3889					-
symbol	mutexp	Qmutexp	src/thread.c	1113					-
symbol	name	Qname	src/frame.c	6304					-
symbol	native-comp-function	Qnative_comp_function	src/data.c	3877					-
symbol	native-comp-unit	Qnative_comp_unit	src/data.c	3867					-
symbol	native-edges	Qnative_edges	src/frame.c	6252					-
symbol	native-image	Qnative_image	src/image.c	12522					-
symbol	natnump	Qnatnump	src/data.c	3737					-
symbol	network	Qnetwork	src/process.c	7612					-
symbol	newline	Qnewline	src/keyboard.c	12295					-
symbol	nice	Qnice	src/process.c	7671					-
symbol	nil	Qnil	src/lread.c	4847					-
symbol	no-accept-focus	Qno_accept_focus	src/frame.c	6193					-
symbol	no-catch	Qno_catch	src/data.c	3718					-
symbol	no-conversion	Qno_conversion	src/coding.c	11755					-
symbol	no-focus-on-map	Qno_focus_on_map	src/frame.c	6192					-
symbol	no-other-frame	Qno_other_frame	src/frame.c	6322					-
symbol	no-other-window	Qno_other_window	src/window.c	8559					-
symbol	no-record	Qno_record	src/keyboard.c	11878					-
symbol	no-special-glyphs	Qno_special_glyphs	src/frame.c	6189					-
symbol	nobreak-hyphen	Qnobreak_hyphen	src/xdisp.c	33117					-
symbol	nobreak-space	Qnobreak_space	src/xdisp.c	33116					-
symbol	noelisp	Qnoelisp	src/frame.c	6225					-
symbol	non-ascii	Qnon_ascii	src/keymap.c	3428					-
symbol	non-key-event	Qnon_key_event	src/keymap.c	3480					-
symbol	none	Qnone	src/frame.c	6199					-
symbol	normal	Qnormal	src/xfaces.c	7282					-
symbol	normal-top-level	Qnormal_top_level	src/keyboard.c	11909					-
symbol	ns	Qns	src/frame.c	6216					-
symbol	ns-appearance	Qns_appearance	src/frame.c	6277					-
symbol	ns-parse-geometry	Qns_parse_geometry	src/frame.c	6274					-
symbol	ns-transparent-titlebar	Qns_transparent_titlebar	src/frame.c	6278					-
symbol	nsm-verify-connection	Qnsm_verify_connection	src/process.c	7626					-
symbol	nth	Qnth	src/data.c	3767					-
symbol	null	Qnull	src/process.c	7750					-
symbol	number-or-marker-p	Qnumber_or_marker_p	src/data.c	3755					-
symbol	numberp	Qnumberp	src/data.c	3754					-
symbol	numeric	Qnumeric	src/process.c	7587					-
symbol	obarray	Qobarray	src/data.c	3901					-
symbol	obarray-cache	Qobarray_cache	src/lread.c	5459					-
symbol	obarrayp	Qobarrayp	src/lread.c	5460					-
symbol	object	Qobject	src/xdisp.c	33142					-
symbol	oblique	Qoblique	src/xfaces.c	7297					-
symbol	oclosure-interactive-form	Qoclosure_interactive_form	src/data.c	3759					-
symbol	odd	Qodd	src/process.c	7604					-
symbol	only	Qonly	src/frame.c	6198					-
symbol	onlydir	Qonlydir	src/inotify.c	496					-
symbol	open	Qopen	src/inotify.c	489					-
symbol	open	Qopen	src/process.c	7577					-
symbol	open-network-stream	Qopen_network_stream	src/coding.c	11745					-
symbol	opentype	Qopentype	src/font.c	6095					-
symbol	operations	Qoperations	src/fileio.c	6431					-
symbol	outer-border-width	Qouter_border_width	src/frame.c	6287					-
symbol	outer-edges	Qouter_edges	src/frame.c	6249					-
symbol	outer-position	Qouter_position	src/frame.c	6250					-
symbol	outer-size	Qouter_size	src/frame.c	6251					-
symbol	outer-window-id	Qouter_window_id	src/frame.c	6210					-
symbol	overflow-error	Qoverflow_error	src/data.c	3831					-
symbol	overlay	Qoverlay	src/data.c	3864					-
symbol	overlay-arrow	Qoverlay_arrow	src/fringe.c	1756					-
symbol	overlay-arrow-bitmap	Qoverlay_arrow_bitmap	src/xdisp.c	33175					-
symbol	overlay-arrow-string	Qoverlay_arrow_string	src/xdisp.c	33174					-
symbol	overlayp	Qoverlayp	src/buffer.c	5226					-
symbol	override-redirect	Qoverride_redirect	src/frame.c	6195					-
symbol	overriding-local-map	Qoverriding_local_map	src/xdisp.c	33062					-
symbol	overriding-plist-environment	Qoverriding_plist_environment	src/fns.c	6653					-
symbol	overriding-terminal-local-map	Qoverriding_terminal_local_map	src/xdisp.c	33061					-
symbol	overwrite-mode	Qoverwrite_mode	src/buffer.c	5255					-
symbol	overwrite-mode-binary	Qoverwrite_mode_binary	src/cmds.c	510					-
symbol	p	Qp	src/font.c	6126					-
symbol	paper	Qpaper	src/fns.c	6679					-
symbol	parent-frame	Qparent_frame	src/frame.c	6190					-
symbol	parent-id	Qparent_id	src/frame.c	6212					-
symbol	pbm	Qpbm	src/image.c	12446					-
symbol	pc	Qpc	src/frame.c	6215					-
symbol	pcpu	Qpcpu	src/process.c	7677					-
symbol	pdump-file-name	Qdump_file_name	src/pdumper_write.c	3772					-
symbol	permanent-local	Qpermanent_local	src/buffer.c	5063					-
symbol	permanent-local-hook	Qpermanent_local_hook	src/buffer.c	5225					-
symbol	permission-denied	Qpermission_denied	src/fileio.c	6486					-
symbol	pgrp	Qpgrp	src/process.c	7652					-
symbol	pgtk	Qpgtk	src/frame.c	6217					-
symbol	pinch	Qpinch	src/keyboard.c	12303					-
symbol	pipe	Qpipe	src/process.c	7635					-
symbol	pipe-process-p	Qpipe_process_p	src/process.c	7751					-
symbol	play-sound-functions	Qplay_sound_functions	src/sound.c	1477					-
symbol	plist	Qplist	src/json.c	1805					-
symbol	plistp	Qplistp	src/fns.c	6672					-
symbol	pmem	Qpmem	src/process.c	7678					-
symbol	png	Qpng	src/image.c	12474					-
symbol	point-entered	Qpoint_entered	src/textprop.c	2460					-
symbol	point-left	Qpoint_left	src/textprop.c	2459					-
symbol	pointer	Qpointer	src/xdisp.c	33075					-
symbol	polling-period	Qpolling_period	src/keyboard.c	11820					-
symbol	poly	Qpoly	src/xdisp.c	33134					-
symbol	position	Qposition	src/xdisp.c	33140					-
symbol	post-command-hook	Qpost_command_hook	src/keyboard.c	11718					-
symbol	post-gc-hook	Qpost_gc_hook	src/alloc.c	5621					-
symbol	post-select-region-hook	Qpost_select_region_hook	src/keyboard.c	11721					-
symbol	post-self-insert-hook	Qpost_self_insert_hook	src/cmds.c	513					-
symbol	postscript	Qpostscript	src/image.c	12391					-
symbol	ppid	Qppid	src/process.c	7651					-
symbol	pre-command-hook	Qpre_command_hook	src/keyboard.c	11717					-
symbol	pre-unmount	Qpre_unmount	src/gfilenotify.c	329					-
symbol	preedit-text	Qpreedit_text	src/keyboard.c	11881					-
symbol	pressed-button	Qpressed_button	src/xfaces.c	7280					-
symbol	pri	Qpri	src/process.c	7670					-
symbol	primitive-function	Qprimitive_function	src/data.c	3875					-
symbol	print--unreadable-callback-buffer	Qprint__unreadable_callback_buffer	src/print.c	2929					-
symbol	print-escape-multibyte	Qprint_escape_multibyte	src/print.c	2904					-
symbol	print-escape-nonascii	Qprint_escape_nonascii	src/print.c	2905					-
symbol	print-unreadable-function	Qprint_unreadable_function	src/print.c	2923					-
symbol	priority	Qpriority	src/buffer.c	5232					-
symbol	process	Qprocess	src/data.c	3871					-
symbol	process-attributes	Qprocess_attributes	src/process.c	7567					-
symbol	processp	Qprocessp	src/process.c	7569					-
symbol	progn	Qprogn	src/callint.c	834					-
symbol	propertize	Qpropertize	src/editfns.c	4507					-
symbol	protected-field	Qprotected_field	src/buffer.c	5061					-
symbol	provide	Qprovide	src/fns.c	6642					-
symbol	pty	Qpty	src/process.c	7634					-
symbol	pure	Qpure	src/json.c	1790					-
symbol	purecopy	Qpurecopy	src/lread.c	5449					-
symbol	push-window-buffer-onto-prev	Qpush_window_buffer_onto_prev	src/minibuf.c	2310					-
symbol	q-overflow	Qq_overflow	src/inotify.c	499					-
symbol	quit	Qquit	src/data.c	3702					-
symbol	quit-restore	Qquit_restore	src/window.c	8563					-
symbol	quit-restore-prev	Qquit_restore_prev	src/window.c	8564					-
symbol	quote	Qquote	src/data.c	3694					-
symbol	raise	Qraise	src/xdisp.c	33071					-
symbol	range	Qrange	src/buffer.c	5223					-
symbol	range-error	Qrange_error	src/data.c	3828					-
symbol	ratio	Qratio	src/keyboard.c	11792					-
symbol	raw-text	Qraw_text	src/coding.c	11756					-
symbol	read	Qread	src/lread.c	5315					-
symbol	read-char	Qread_char	src/lread.c	5407					-
symbol	read-number	Qread_number	src/callint.c	838					-
symbol	read-only	Qread_only	src/textprop.c	2447					-
symbol	real	Qreal	src/process.c	7611					-
symbol	real-this-command	Qreal_this_command	src/fns.c	6798					-
symbol	rear-nonsticky	Qrear_nonsticky	src/textprop.c	2453					-
symbol	record	Qrecord	src/data.c	3883					-
symbol	record-window-buffer	Qrecord_window_buffer	src/window.c	8547					-
symbol	recordp	Qrecordp	src/data.c	3744					-
symbol	rect	Qrect	src/xdisp.c	33132					-
symbol	recursion-error	Qrecursion_error	src/data.c	3727					-
symbol	redisplay-dont-pause	Qredisplay_dont_pause	src/dispnew.c	6552					-
symbol	redisplay_internal (C function)	Qredisplay_internal_xC_functionx	src/xdisp.c	33017					-
symbol	relative	Qrelative	src/xdisp.c	33764					-
symbol	released-button	Qreleased_button	src/xfaces.c	7279					-
symbol	remap	Qremap	src/keymap.c	3430					-
symbol	remote-file-error	Qremote_file_error	src/fileio.c	6489					-
symbol	rename	Qrename	src/kqueue.c	540					-
symbol	rename-file	Qrename_file	src/fileio.c	6445					-
symbol	replace-buffer-in-windows	Qreplace_buffer_in_windows	src/window.c	8546					-
symbol	require	Qrequire	src/fns.c	6643					-
symbol	reset	Qreset	src/xfaces.c	7299					-
symbol	revoke	Qrevoke	src/kqueue.c	541					-
symbol	right	Qright	src/buffer.c	5222					-
symbol	right	Qright	src/keyboard.c	11797					-
symbol	right-divider	Qright_divider	src/keyboard.c	11778					-
symbol	right-divider-width	Qright_divider_width	src/frame.c	6305					-
symbol	right-edge	Qright_edge	src/keyboard.c	11852					-
symbol	right-fringe	Qright_fringe	src/frame.c	6306					-
symbol	right-fringe-help	Qright_fringe_help	src/frame.c	6307					-
symbol	right-margin	Qright_margin	src/xdisp.c	33077					-
symbol	right-to-left	Qright_to_left	src/xdisp.c	33216					-
symbol	rightmost	Qrightmost	src/keyboard.c	11799					-
symbol	risky-local-variable	Qrisky_local_variable	src/emacs.c	3186					-
symbol	rotate	Qrotate	src/image.c	12401					-
symbol	rotate90	Qrotate90	src/image.c	12402					-
symbol	rss	Qrss	src/process.c	7675					-
symbol	run	Qrun	src/process.c	7570					-
symbol	run-hook-query-error-with-timeout	Qrun_hook_query_error_with_timeout	src/emacs.c	3189					-
symbol	run-hook-with-args	Qrun_hook_with_args	src/terminal.c	673					-
symbol	safe	Qsafe	src/window.c	8544					-
symbol	sans	Qsans	src/ftfont.c	3185					-
symbol	sans serif	Qsans__serif	src/ftfont.c	3186					-
symbol	sans-serif	Qsans_serif	src/ftfont.c	3184					-
symbol	save-excursion	Qsave_excursion	src/callint.c	833					-
symbol	save-session	Qsave_session	src/keyboard.c	11730					-
symbol	scale	Qscale	src/image.c	12400					-
symbol	scale-factor	Qscale_factor	src/frame.c	6243					-
symbol	scan-error	Qscan_error	src/syntax.c	3716					-
symbol	screen-gamma	Qscreen_gamma	src/frame.c	6308					-
symbol	scroll-bar	Qscroll_bar	src/xfaces.c	7327					-
symbol	scroll-bar-background	Qscroll_bar_background	src/frame.c	6309					-
symbol	scroll-bar-foreground	Qscroll_bar_foreground	src/frame.c	6310					-
symbol	scroll-bar-height	Qscroll_bar_height	src/frame.c	6311					-
symbol	scroll-bar-movement	Qscroll_bar_movement	src/keyboard.c	11859					-
symbol	scroll-bar-width	Qscroll_bar_width	src/frame.c	6312					-
symbol	scroll-command	Qscroll_command	src/window.c	8522					-
symbol	scroll-down	Qscroll_down	src/window.c	8521					-
symbol	scroll-up	Qscroll_up	src/window.c	8520					-
symbol	search-failed	Qsearch_failed	src/search.c	3376					-
symbol	select-frame-set-input-focus	Qselect_frame_set_input_focus	src/minibuf.c	2308					-
symbol	select-window	Qselect_window	src/keyboard.c	11867					-
symbol	selection-request	Qselection_request	src/keyboard.c	11868					-
symbol	self-insert-command	Qself_insert_command	src/keymap.c	3410					-
symbol	semi-bold	Qsemi_bold	src/xfaces.c	7289					-
symbol	semi-light	Qsemi_light	src/xfaces.c	7287					-
symbol	send-moved	Qsend_moved	src/gfilenotify.c	319					-
symbol	seqpacket	Qseqpacket	src/process.c	7589					-
symbol	sequencep	Qsequencep	src/data.c	3741					-
symbol	serial	Qserial	src/process.c	7613					-
symbol	sess	Qsess	src/process.c	7653					-
symbol	set	Qset	src/data.c	4044					-
symbol	set	Qset	src/sqlite.c	882					-
symbol	set-default	Qset_default	src/data.c	4045					-
symbol	set-file-acl	Qset_file_acl	src/fileio.c	6464					-
symbol	set-file-modes	Qset_file_modes	src/fileio.c	6458					-
symbol	set-file-selinux-context	Qset_file_selinux_context	src/fileio.c	6462					-
symbol	set-file-times	Qset_file_times	src/fileio.c	6459					-
symbol	set-visited-file-modtime	Qset_visited_file_modtime	src/fileio.c	6469					-
symbol	set_window_configuration	Qset_window_configuration	src/frame.c	6266					-
symbol	setcar	Qsetcar	src/data.c	3769					-
symbol	setcdr	Qsetcdr	src/data.c	3770					-
symbol	setq	Qsetq	src/eval.c	3876					-
symbol	setting-constant	Qsetting_constant	src/data.c	3712					-
symbol	sha1	Qsha1	src/fns.c	6633					-
symbol	sha224	Qsha224	src/fns.c	6634					-
symbol	sha256	Qsha256	src/fns.c	6635					-
symbol	sha384	Qsha384	src/fns.c	6636					-
symbol	sha512	Qsha512	src/fns.c	6637					-
symbol	shaded	Qshaded	src/frame.c	6236					-
symbol	shift-jis	Qshift_jis	src/coding.c	11774					-
symbol	shlwapi	Qshlwapi	src/image.c	12531					-
symbol	side-effect-free	Qside_effect_free	src/json.c	1791					-
symbol	signal	Qsignal	src/process.c	7572					-
symbol	signal-process-functions	Qsignal_process_functions	src/process.c	7748					-
symbol	singularity-error	Qsingularity_error	src/data.c	3830					-
symbol	size	Qsize	src/lread.c	5448					-
symbol	skip-taskbar	Qskip_taskbar	src/frame.c	6191					-
symbol	slice	Qslice	src/xdisp.c	33072					-
symbol	sound	Qsound	src/sound.c	1476					-
symbol	source	Qsource	src/frame.c	6246					-
symbol	space	Qspace	src/xdisp.c	33073					-
symbol	space-width	Qspace_width	src/xdisp.c	33070					-
symbol	special-form	Qspecial_form	src/data.c	3874					-
symbol	special-lowercase	Qspecial_lowercase	src/casefiddle.c	702					-
symbol	special-titlecase	Qspecial_titlecase	src/casefiddle.c	703					-
symbol	special-uppercase	Qspecial_uppercase	src/casefiddle.c	701					-
symbol	sqlite	Qsqlite	src/data.c	3900					-
symbol	sqlite	Qsqlite	src/sqlite.c	900					-
symbol	sqlite-error	Qsqlite_error	src/sqlite.c	888					-
symbol	sqlite-locked-error	Qsqlite_locked_error	src/sqlite.c	892					-
symbol	sqlite3	Qsqlite3	src/sqlite.c	901					-
symbol	sqlitep	Qsqlitep	src/sqlite.c	898					-
symbol	standard-input	Qstandard_input	src/lread.c	5406					-
symbol	standard-output	Qstandard_output	src/print.c	2765					-
symbol	start	Qstart	src/process.c	7673					-
symbol	start-process	Qstart_process	src/coding.c	11741					-
symbol	state	Qstate	src/process.c	7650					-
symbol	stderr	Qstderr	src/fileio.c	6721					-
symbol	stdin	Qstdin	src/fileio.c	6719					-
symbol	stdout	Qstdout	src/fileio.c	6720					-
symbol	sticky	Qsticky	src/frame.c	6313					-
symbol	stime	Qstime	src/process.c	7661					-
symbol	stop	Qstop	src/process.c	7571					-
symbol	straight	Qstraight	src/doc.c	681					-
symbol	string	Qstring	src/data.c	3861					-
symbol	string-bytes	Qstring_bytes	src/alloc.c	5631					-
symbol	string-lessp	Qstring_lessp	src/fns.c	6641					-
symbol	stringp	Qstringp	src/data.c	3739					-
symbol	strings	Qstrings	src/alloc.c	5626					-
symbol	sub-char-table	Qsub_char_table	src/data.c	3885					-
symbol	subfeatures	Qsubfeatures	src/fns.c	6670					-
symbol	subr	Qsubr	src/data.c	3873					-
symbol	subr-native-elisp	Qsubr_native_elisp	src/data.c	3876					-
symbol	subrp	Qsubrp	src/data.c	3761					-
symbol	substitute-command-keys	Qsubstitute_command_keys	src/doc.c	678					-
symbol	substitute-env-in-file-name	Qsubstitute_env_in_file_name	src/fileio.c	6716					-
symbol	substitute-in-file-name	Qsubstitute_in_file_name	src/fileio.c	6434					-
symbol	svg	Qsvg	src/image.c	12493					-
symbol	svg	Qsvg	src/image.c	12509					-
symbol	sw	Qsw	src/process.c	7608					-
symbol	switch-frame	Qswitch_frame	src/keyboard.c	11860					-
symbol	symbol	Qsymbol	src/data.c	3860					-
symbol	symbolp	Qsymbolp	src/data.c	3733					-
symbol	symbols	Qsymbols	src/alloc.c	5625					-
symbol	syntax-ppss	Qsyntax_ppss	src/syntax.c	3703					-
symbol	syntax-table	Qsyntax_table	src/syntax.c	3623					-
symbol	syntax-table-p	Qsyntax_table_p	src/syntax.c	3702					-
symbol	t	Qt	src/lread.c	4852					-
symbol	tab-bar	Qtab_bar	src/xfaces.c	7323					-
symbol	tab-bar-lines	Qtab_bar_lines	src/frame.c	6302					-
symbol	tab-bar-size	Qtab_bar_size	src/frame.c	6258					-
symbol	tab-line	Qtab_line	src/xfaces.c	7325					-
symbol	tab-line-format	Qtab_line_format	src/window.c	8558					-
symbol	target-idx	Qtarget_idx	src/coding.c	11724					-
symbol	temp-buffer-setup-hook	Qtemp_buffer_setup_hook	src/print.c	2756					-
symbol	temp-buffer-show-hook	Qtemp_buffer_show_hook	src/window.c	8550					-
symbol	temporary-goal-column	Qtemporary_goal_column	src/buffer.c	6185					-
symbol	terminal	Qterminal	src/data.c	3894					-
symbol	terminal-live-p	Qterminal_live_p	src/terminal.c	671					-
symbol	terminal_frame	Qterminal_frame	src/frame.c	6271					-
symbol	test	Qtest	src/lread.c	5447					-
symbol	text	Qtext	src/xdisp.c	33124					-
symbol	text-image-horiz	Qtext_image_horiz	src/xdisp.c	33127					-
symbol	text-pixels	Qtext_pixels	src/frame.c	6201					-
symbol	text-read-only	Qtext_read_only	src/data.c	3724					-
symbol	thcount	Qthcount	src/process.c	7672					-
symbol	thin	Qthin	src/xfaces.c	7283					-
symbol	thin-space	Qthin_space	src/xdisp.c	33900					-
symbol	thread	Qthread	src/data.c	3888					-
symbol	thread-event	Qthread_event	src/keyboard.c	11746					-
symbol	threadp	Qthreadp	src/thread.c	1112					-
symbol	tiff	Qtiff	src/image.c	12464					-
symbol	time	Qtime	src/process.c	7662					-
symbol	timer-event-handler	Qtimer_event_handler	src/keyboard.c	11708					-
symbol	tip_frame	Qtip_frame	src/frame.c	6270					-
symbol	title	Qtitle	src/frame.c	6314					-
symbol	title-bar-size	Qtitle_bar_size	src/frame.c	6255					-
symbol	titlecase	Qtitlecase	src/casefiddle.c	698					-
symbol	tool-bar	Qtool_bar	src/xfaces.c	7322					-
symbol	tool-bar-external	Qtool_bar_external	src/frame.c	6259					-
symbol	tool-bar-lines	Qtool_bar_lines	src/frame.c	6315					-
symbol	tool-bar-position	Qtool_bar_position	src/frame.c	6316					-
symbol	tool-bar-size	Qtool_bar_size	src/frame.c	6260					-
symbol	tooltip	Qtooltip	src/frame.c	6205					-
symbol	top	Qtop	src/keyboard.c	11789					-
symbol	top-bottom	Qtop_bottom	src/fringe.c	1758					-
symbol	top-edge	Qtop_edge	src/keyboard.c	11850					-
symbol	top-left-corner	Qtop_left_corner	src/keyboard.c	11849					-
symbol	top-level	Qtop_level	src/data.c	3698					-
symbol	top-only	Qtop_only	src/frame.c	6332					-
symbol	top-right-corner	Qtop_right_corner	src/keyboard.c	11851					-
symbol	touch-end	Qtouch_end	src/keyboard.c	11758					-
symbol	touchscreen-begin	Qtouchscreen_begin	src/keyboard.c	12300					-
symbol	touchscreen-end	Qtouchscreen_end	src/keyboard.c	12301					-
symbol	touchscreen-update	Qtouchscreen_update	src/keyboard.c	12302					-
symbol	tpgid	Qtpgid	src/process.c	7655					-
symbol	trailing-whitespace	Qtrailing_whitespace	src/xdisp.c	33098					-
symbol	translation-table	Qtranslation_table	src/coding.c	11786					-
symbol	translation-table-id	Qtranslation_table_id	src/coding.c	11788					-
symbol	trapping-constant	Qtrapping_constant	src/data.c	3713					-
symbol	tree-sitter	Qtree_sitter	src/data.c	3897					-
symbol	tree-sitter-cursor	Qtree_sitter_cursor	src/data.c	3899					-
symbol	tree-sitter-cursorp	Qtree_sitter_cursorp	src/tree-sitter.c	1898					-
symbol	tree-sitter-error	Qtree_sitter_error	src/tree-sitter.c	1893					-
symbol	tree-sitter-highlight-alist	Qtree_sitter_highlight_alist	src/tree-sitter.c	1915					-
symbol	tree-sitter-indent-alist	Qtree_sitter_indent_alist	src/tree-sitter.c	1913					-
symbol	tree-sitter-language-error	Qtree_sitter_language_error	src/tree-sitter.c	1895					-
symbol	tree-sitter-mode-alist	Qtree_sitter_mode_alist	src/tree-sitter.c	1912					-
symbol	tree-sitter-node	Qtree_sitter_node	src/data.c	3898					-
symbol	tree-sitter-node-preceding	Qtree_sitter_node_preceding	src/tree-sitter.c	1899					-
symbol	tree-sitter-nodep	Qtree_sitter_nodep	src/tree-sitter.c	1897					-
symbol	tree-sitter-parse-error	Qtree_sitter_parse_error	src/tree-sitter.c	1894					-
symbol	tree-sitter-resources-dir	Qtree_sitter_resources_dir	src/tree-sitter.c	1914					-
symbol	tree-sitter-sitter	Qtree_sitter_sitter	src/tree-sitter.c	1916					-
symbol	tree-sitterp	Qtree_sitterp	src/tree-sitter.c	1896					-
symbol	truncation	Qtruncation	src/fringe.c	1754					-
symbol	ttname	Qttname	src/process.c	7654					-
symbol	tty	Qtty	src/frame.c	6227					-
symbol	tty-color-alist	Qtty_color_alist	src/xfaces.c	7348					-
symbol	tty-color-by-index	Qtty_color_by_index	src/xfaces.c	7345					-
symbol	tty-color-desc	Qtty_color_desc	src/xfaces.c	7343					-
symbol	tty-color-mode	Qtty_color_mode	src/frame.c	6226					-
symbol	tty-color-standard-values	Qtty_color_standard_values	src/xfaces.c	7344					-
symbol	tty-menu-exit	Qtty_menu_exit	src/term.c	4655					-
symbol	tty-menu-ignore	Qtty_menu_ignore	src/term.c	4654					-
symbol	tty-menu-mouse-movement	Qtty_menu_mouse_movement	src/term.c	4656					-
symbol	tty-menu-navigation-map	Qtty_menu_navigation_map	src/term.c	4657					-
symbol	tty-menu-next-item	Qtty_menu_next_item	src/term.c	4649					-
symbol	tty-menu-next-menu	Qtty_menu_next_menu	src/term.c	4651					-
symbol	tty-menu-prev-item	Qtty_menu_prev_item	src/term.c	4650					-
symbol	tty-menu-prev-menu	Qtty_menu_prev_menu	src/term.c	4652					-
symbol	tty-menu-select	Qtty_menu_select	src/term.c	4653					-
symbol	tty-mode-reset-strings	Qtty_mode_reset_strings	src/term.c	4646					-
symbol	tty-mode-set-strings	Qtty_mode_set_strings	src/term.c	4645					-
symbol	tty-type	Qtty_type	src/frame.c	6228					-
symbol	type-mismatch	Qtype_mismatch	src/data.c	3706					-
symbol	ultra-bold	Qultra_bold	src/xfaces.c	7293					-
symbol	ultra-heavy	Qultra_heavy	src/xfaces.c	7295					-
symbol	ultra-light	Qultra_light	src/xfaces.c	7285					-
symbol	unbound	Qunbound	src/lread.c	4845					-
symbol	undecided	Qundecided	src/coding.c	11754					-
symbol	undecorated	Qundecorated	src/frame.c	6188					-
symbol	undefined	Qundefined	src/keyboard.c	11714					-
symbol	underflow-error	Qunderflow_error	src/data.c	3832					-
symbol	underline-minimum-offset	Qunderline_minimum_offset	src/xdisp.c	33877					-
symbol	undo	Qundo	src/keyboard.c	12296					-
symbol	undo--seen-list	Qundo__seen_list	src/keyboard.c	12298					-
symbol	undo-only	Qundo_only	src/keyboard.c	12297					-
symbol	unevalled	Qunevalled	src/data.c	3762					-
symbol	unhandled-file-name-directory	Qunhandled_file_name_directory	src/fileio.c	6438					-
symbol	unicode	Qunicode	src/charset.c	2359					-
symbol	unicode-bmp	Qunicode_bmp	src/font.c	6105					-
symbol	unix	Qunix	src/coding.c	11749					-
symbol	unlet	Qunlet	src/data.c	4043					-
symbol	unlock-file	Qunlock_file	src/filelock.c	801					-
symbol	unmount	Qunmount	src/inotify.c	500					-
symbol	unmounted	Qunmounted	src/gfilenotify.c	330					-
symbol	unspecified	Qunspecified	src/xfaces.c	7307					-
symbol	unsplittable	Qunsplittable	src/frame.c	6317					-
symbol	up	Qup	src/keyboard.c	11787					-
symbol	uppercase	Quppercase	src/casefiddle.c	700					-
symbol	us-ascii	Qus_ascii	src/coding.c	11757					-
symbol	use-frame-synchronization	Quse_frame_synchronization	src/frame.c	6335					-
symbol	user	Quser	src/process.c	7647					-
symbol	user-error	Quser_error	src/data.c	3701					-
symbol	user-position	Quser_position	src/frame.c	6206					-
symbol	user-ptr	Quser_ptr	src/data.c	3868					-
symbol	user-ptrp	Quser_ptrp	src/data.c	3748					-
symbol	user-search-failed	Quser_search_failed	src/search.c	3380					-
symbol	user-size	Quser_size	src/frame.c	6207					-
symbol	utf-16	Qutf_16	src/coding.c	11770					-
symbol	utf-16le	Qutf_16le	src/coding.c	11767					-
symbol	utf-8	Qutf_8	src/coding.c	11761					-
symbol	utf-8-emacs	Qutf_8_emacs	src/coding.c	11763					-
symbol	utf-8-string-p	Qutf_8_string_p	src/coding.c	11860					-
symbol	utf-8-unix	Qutf_8_unix	src/coding.c	11762					-
symbol	utime	Qutime	src/process.c	7660					-
symbol	value	Qvalue	src/fns.c	6598					-
symbol	value<	Qvaluelt	src/fns.c	6804					-
symbol	variable-documentation	Qvariable_documentation	src/lread.c	4857					-
symbol	vector	Qvector	src/data.c	3882					-
symbol	vector-or-char-table-p	Qvector_or_char_table_p	src/data.c	3758					-
symbol	vector-slots	Qvector_slots	src/alloc.c	5632					-
symbol	vectorp	Qvectorp	src/data.c	3743					-
symbol	vectors	Qvectors	src/alloc.c	5627					-
symbol	verify-visited-file-modtime	Qverify_visited_file_modtime	src/fileio.c	6468					-
symbol	vertical-border	Qvertical_border	src/xfaces.c	7334					-
symbol	vertical-line	Qvertical_line	src/keyboard.c	11777					-
symbol	vertical-scroll-bar	Qvertical_scroll_bar	src/buffer.c	5248					-
symbol	vertical-scroll-bars	Qvertical_scroll_bars	src/frame.c	6318					-
symbol	visibility	Qvisibility	src/frame.c	6319					-
symbol	visible	Qvisible	src/frame.c	6219					-
symbol	visual	Qvisual	src/xdisp.c	33765					-
symbol	void-function	Qvoid_function	src/data.c	3708					-
symbol	void-variable	Qvoid_variable	src/data.c	3711					-
symbol	vsize	Qvsize	src/process.c	7674					-
symbol	w32	Qw32	src/frame.c	6214					-
symbol	wait-for-wm	Qwait_for_wm	src/frame.c	6320					-
symbol	wall	Qwall	src/editfns.c	4506					-
symbol	watch-mounts	Qwatch_mounts	src/gfilenotify.c	318					-
symbol	watchers	Qwatchers	src/data.c	4041					-
symbol	wave	Qwave	src/xfaces.c	7275					-
symbol	weakness	Qweakness	src/lread.c	5450					-
symbol	webp	Qwebp	src/image.c	12482					-
symbol	webpdemux	Qwebpdemux	src/image.c	12483					-
symbol	when	Qwhen	src/callint.c	831					-
symbol	wholenump	Qwholenump	src/data.c	3738					-
symbol	widget-type	Qwidget_type	src/fns.c	6646					-
symbol	width	Qwidth	src/frame.c	6200					-
symbol	width-only	Qwidth_only	src/frame.c	6329					-
symbol	window	Qwindow	src/data.c	3872					-
symbol	window--pixel-to-total	Qwindow__pixel_to_total	src/frame.c	6183					-
symbol	window--pixel-to-total	Qwindow__pixel_to_total	src/window.c	8543					-
symbol	window--resize-mini-frame	Qwindow__resize_mini_frame	src/window.c	8542					-
symbol	window--resize-root-window	Qwindow__resize_root_window	src/window.c	8539					-
symbol	window--resize-root-window-vertically	Qwindow__resize_root_window_vertically	src/window.c	8540					-
symbol	window-border	Qwindow_border	src/keyboard.c	11780					-
symbol	window-border	Qwindow_border	src/xfaces.c	7338					-
symbol	window-border-mode	Qwindow_border_mode	src/window.c	8565					-
symbol	window-buffer-change-functions	Qwindow_buffer_change_functions	src/window.c	8531					-
symbol	window-configuration	Qwindow_configuration	src/data.c	3870					-
symbol	window-configuration-change-hook	Qwindow_configuration_change_hook	src/window.c	8527					-
symbol	window-configuration-p	Qwindow_configuration_p	src/window.c	8534					-
symbol	window-deletable-p	Qwindow_deletable_p	src/window.c	8537					-
symbol	window-divider	Qwindow_divider	src/xfaces.c	7335					-
symbol	window-divider-first-pixel	Qwindow_divider_first_pixel	src/xfaces.c	7336					-
symbol	window-divider-last-pixel	Qwindow_divider_last_pixel	src/xfaces.c	7337					-
symbol	window-edges	Qwindow_edges	src/keyboard.c	11869					-
symbol	window-id	Qwindow_id	src/frame.c	6208					-
symbol	window-live-p	Qwindow_live_p	src/window.c	8535					-
symbol	window-point-insertion-type	Qwindow_point_insertion_type	src/window.c	8628					-
symbol	window-scroll-functions	Qwindow_scroll_functions	src/xdisp.c	33063					-
symbol	window-selection-change-functions	Qwindow_selection_change_functions	src/window.c	8532					-
symbol	window-size	Qwindow_size	src/window.c	8549					-
symbol	window-size-change-functions	Qwindow_size_change_functions	src/window.c	8530					-
symbol	window-state-change-functions	Qwindow_state_change_functions	src/window.c	8529					-
symbol	window-state-change-hook	Qwindow_state_change_hook	src/window.c	8528					-
symbol	window-valid-p	Qwindow_valid_p	src/window.c	8536					-
symbol	windowp	Qwindowp	src/window.c	8533					-
symbol	workarea	Qworkarea	src/frame.c	6240					-
symbol	wrap-prefix	Qwrap_prefix	src/xdisp.c	33720					-
symbol	write	Qwrite	src/kqueue.c	536					-
symbol	write-region	Qwrite_region	src/fileio.c	6467					-
symbol	write-region-annotate-functions	Qwrite_region_annotate_functions	src/fileio.c	6630					-
symbol	wrong-length-argument	Qwrong_length_argument	src/data.c	3704					-
symbol	wrong-number-of-arguments	Qwrong_number_of_arguments	src/data.c	3717					-
symbol	wrong-type-argument	Qwrong_type_argument	src/data.c	3705					-
symbol	x	Qx	src/frame.c	6213					-
symbol	x-frame-parameter	Qx_frame_parameter	src/frame.c	6238					-
symbol	x-pre-popup-menu-hook	Qx_pre_popup_menu_hook	src/menu.c	1613					-
symbol	x-resource-name	Qx_resource_name	src/frame.c	6237					-
symbol	x_create_frame_1	Qx_create_frame_1	src/frame.c	6267					-
symbol	x_create_frame_2	Qx_create_frame_2	src/frame.c	6268					-
symbol	x_set_menu_bar_lines	Qx_set_menu_bar_lines	src/frame.c	6262					-
symbol	x_set_window_size_1	Qx_set_window_size_1	src/frame.c	6265					-
symbol	xbm	Qxbm	src/image.c	12449					-
symbol	xg_frame_set_char_size	Qxg_frame_set_char_size	src/frame.c	6264					-
symbol	xpm	Qxpm	src/image.c	12454					-
symbol	xterm--set-selection	Qxterm__set_selection	src/keyboard.c	11823					-
symbol	xterm-select-active-regions	Qxterm_select_active_regions	src/keyboard.c	11824					-
symbol	xwidget	Qxwidget	src/data.c	3895					-
symbol	xwidget-display-event	Qxwidget_display_event	src/keyboard.c	11751					-
symbol	xwidget-event	Qxwidget_event	src/keyboard.c	11750					-
symbol	xwidget-view	Qxwidget_view	src/data.c	3896					-
symbol	yes-or-no-p-history	Qyes_or_no_p_history	src/fns.c	6644					-
symbol	z-group	Qz_group	src/frame.c	6194					-
symbol	zero-width	Qzero_width	src/xdisp.c	33901					-
variable	abbrev-mode	&BVAR (current_buffer, abbrev_mode)	src/buffer.c	5381					-
variable	after-change-functions	Vafter_change_functions	src/buffer.c	5834					-
variable	after-delete-frame-functions	Vafter_delete_frame_functions	src/frame.c	6474					-
variable	after-init-time	Vafter_init_time	src/emacs.c	3297					-
variable	after-insert-file-functions	Vafter_insert_file_functions	src/fileio.c	6596					-
variable	after-load-alist	Vafter_load_alist	src/lread.c	5257					-
variable	align-columns-display	align_columns_display	src/xdisp.c	33352					-
variable	alternate-fontname-alist	Valternate_fontname_alist	src/fontset.c	2212					-
variable	ambiguous-width-chars	Vambiguous_width_chars	src/character.c	1119					-
variable	attempt-orderly-shutdown-on-fatal-signal	attempt_orderly_shutdown_on_fatal_signal	src/keyboard.c	12611					-
variable	attempt-stack-overflow-recovery	attempt_stack_overflow_recovery	src/keyboard.c	12602					-
variable	auto-composition-emoji-eligible-codepoints	Vauto_composition_emoji_eligible_codepoints	src/composite.c	2073					-
variable	auto-composition-function	Vauto_composition_function	src/composite.c	2016					-
variable	auto-composition-mode	Vauto_composition_mode	src/composite.c	2007					-
variable	auto-fill-chars	Vauto_fill_chars	src/character.c	1103					-
variable	auto-fill-function	&BVAR (current_buffer, auto_fill_function)	src/buffer.c	5547					-
variable	auto-hscroll-mode	automatic_hscrolling	src/xdisp.c	33656					-
variable	auto-raise-tab-bar-buttons	auto_raise_tab_bar_buttons_p	src/xdisp.c	33505					-
variable	auto-raise-tool-bar-buttons	auto_raise_tool_bar_buttons_p	src/xdisp.c	33518					-
variable	auto-resize-tab-bars	Vauto_resize_tab_bars	src/xdisp.c	33496					-
variable	auto-resize-tool-bars	Vauto_resize_tool_bars	src/xdisp.c	33509					-
variable	auto-save-include-big-deletions	Vauto_save_include_big_deletions	src/fileio.c	6671					-
variable	auto-save-interval	auto_save_interval	src/keyboard.c	12091					-
variable	auto-save-list-file-name	Vauto_save_list_file_name	src/fileio.c	6659					-
variable	auto-save-no-message	auto_save_no_message	src/keyboard.c	12096					-
variable	auto-save-timeout	Vauto_save_timeout	src/keyboard.c	12100					-
variable	auto-save-visited-file-name	Vauto_save_visited_file_name	src/fileio.c	6666					-
variable	auto-window-vscroll	auto_window_vscroll_p	src/window.c	8597					-
variable	backtrace-on-error-noninteractive	backtrace_on_error_noninteractive	src/eval.c	3968					-
variable	baud-rate	baud_rate	src/dispnew.c	6554					-
variable	before-change-functions	Vbefore_change_functions	src/buffer.c	5818					-
variable	before-init-time	Vbefore_init_time	src/emacs.c	3293					-
variable	bidi-display-reordering	&BVAR (current_buffer, bidi_display_reordering)	src/buffer.c	5450					-
variable	bidi-inhibit-bpa	bidi_inhibit_bpa	src/xdisp.c	33855					-
variable	bidi-paragraph-direction	&BVAR (current_buffer, bidi_paragraph_direction)	src/buffer.c	5497					-
variable	bidi-paragraph-separate-re	&BVAR (current_buffer, bidi_paragraph_separate_re)	src/buffer.c	5476					-
variable	bidi-paragraph-start-re	&BVAR (current_buffer, bidi_paragraph_start_re)	src/buffer.c	5454					-
variable	binary-as-unsigned	binary_as_unsigned	src/editfns.c	4566					-
variable	blink-cursor-alist	Vblink_cursor_alist	src/xdisp.c	33644					-
variable	buffer-access-fontified-property	Vbuffer_access_fontified_property	src/editfns.c	4530					-
variable	buffer-access-fontify-functions	Vbuffer_access_fontify_functions	src/editfns.c	4513					-
variable	buffer-auto-save-file-format	&BVAR (current_buffer, auto_save_file_format)	src/buffer.c	5950					-
variable	buffer-auto-save-file-name	&BVAR (current_buffer, auto_save_file_name)	src/buffer.c	5566					-
variable	buffer-backed-up	&BVAR (current_buffer, backed_up)	src/buffer.c	5575					-
variable	buffer-display-count	&BVAR (current_buffer, display_count)	src/buffer.c	5977					-
variable	buffer-display-table	&BVAR (current_buffer, display_table)	src/buffer.c	5616					-
variable	buffer-display-time	&BVAR (current_buffer, display_time)	src/buffer.c	5982					-
variable	buffer-file-coding-system	&BVAR (current_buffer, buffer_file_coding_system)	src/buffer.c	5428					-
variable	buffer-file-format	&BVAR (current_buffer, file_format)	src/buffer.c	5945					-
variable	buffer-file-name	&BVAR (current_buffer, filename)	src/buffer.c	5555					-
variable	buffer-file-truename	&BVAR (current_buffer, file_truename)	src/buffer.c	5560					-
variable	buffer-invisibility-spec	&BVAR (current_buffer, invisibility_spec)	src/buffer.c	5957					-
variable	buffer-list-update-hook	Vbuffer_list_update_hook	src/buffer.c	6078					-
variable	buffer-read-only	&BVAR (current_buffer, read_only)	src/buffer.c	5572					-
variable	buffer-saved-size	&BVAR (current_buffer, save_length)	src/buffer.c	5579					-
variable	buffer-undo-list	&BVAR (current_buffer, undo_list)	src/buffer.c	5857					-
variable	build-files	Vbuild_files	src/doc.c	688					-
variable	byte-boolean-vars	Vbyte_boolean_vars	src/lread.c	5354					-
variable	byte-code-meter	Vbyte_code_meter	src/bytecode.c	1793					-
variable	byte-metering-on	byte_metering_on	src/bytecode.c	1801					-
variable	bytecomp-version-regexp	Vbytecomp_version_regexp	src/lread.c	5370					-
variable	cache-long-scans	&BVAR (current_buffer, cache_long_scans)	src/buffer.c	5906					-
variable	cannot-suspend	cannot_suspend	src/keyboard.c	12223					-
variable	case-fold-search	Vcase_fold_search	src/buffer.c	6105					-
variable	case-symbols-as-words	case_symbols_as_words	src/casefiddle.c	720					-
variable	change-major-mode-hook	Vchange_major_mode_hook	src/buffer.c	6072					-
variable	char-code-property-alist	Vchar_code_property_alist	src/chartab.c	1377					-
variable	char-property-alias-alist	Vchar_property_alias_alist	src/textprop.c	2410					-
variable	char-script-table	Vchar_script_table	src/character.c	1136					-
variable	char-width-table	Vchar_width_table	src/character.c	1111					-
variable	charset-list	Vcharset_list	src/charset.c	2414					-
variable	charset-map-path	Vcharset_map_path	src/charset.c	2406					-
variable	charset-revision-table	Vcharset_revision_table	src/coding.c	12091					-
variable	clear-message-function	Vclear_message_function	src/xdisp.c	33962					-
variable	code-conversion-map-vector	Vcode_conversion_map_vector	src/ccl.c	2380					-
variable	coding-category-list	Vcoding_category_list	src/coding.c	11917					-
variable	coding-system-alist	Vcoding_system_alist	src/coding.c	11908					-
variable	coding-system-for-read	Vcoding_system_for_read	src/coding.c	11936					-
variable	coding-system-for-write	Vcoding_system_for_write	src/coding.c	11945					-
variable	coding-system-list	Vcoding_system_list	src/coding.c	11900					-
variable	coding-system-require-warning	coding_system_require_warning	src/coding.c	12131					-
variable	command-debug-status	Vcommand_debug_status	src/callint.c	875					-
variable	command-error-function	Vcommand_error_function	src/keyboard.c	12532					-
variable	command-history	Vcommand_history	src/callint.c	867					-
variable	command-line-args	Vcommand_line_args	src/emacs.c	3202					-
variable	comment-end-can-be-escaped	comment_end_can_be_escaped	src/syntax.c	3769					-
variable	comment-use-syntax-ppss	Vcomment_use_syntax_ppss	src/syntax.c	3704					-
variable	completion-ignore-case	completion_ignore_case	src/minibuf.c	2369					-
variable	completion-ignored-extensions	Vcompletion_ignored_extensions	src/dired.c	1129					-
variable	completion-regexp-list	Vcompletion_regexp_list	src/minibuf.c	2443					-
variable	compose-chars-after-function	Vcompose_chars_after_function	src/composite.c	1991					-
variable	composition-break-at-point	composition_break_at_point	src/xdisp.c	34025					-
variable	composition-function-table	Vcomposition_function_table	src/composite.c	2038					-
variable	configure-info-directory	Vconfigure_info_directory	src/callproc.c	2028					-
variable	cons-cells-consed	cons_cells_consed	src/alloc.c	5596					-
variable	create-lockfiles	create_lockfiles	src/filelock.c	793					-
variable	cross-disabled-images	cross_disabled_images	src/image.c	12558					-
variable	ctl-arrow	&BVAR (current_buffer, ctl_arrow)	src/buffer.c	5408					-
variable	current-iso639-language	Vcurrent_iso639_language	src/charset.c	2418					-
variable	current-load-list	Vcurrent_load_list	src/lread.c	5305					-
variable	current-minibuffer-command	Vcurrent_minibuffer_command	src/keyboard.c	12070					-
variable	current-prefix-arg	Vcurrent_prefix_arg	src/callint.c	859					-
variable	current-time-list	current_time_list	src/timefns.c	2057					-
variable	cursor-in-echo-area	cursor_in_echo_area	src/dispnew.c	6604					-
variable	cursor-in-non-selected-windows	&BVAR (current_buffer, cursor_in_non_selected_windows)	src/buffer.c	6050					-
variable	cursor-type	&BVAR (current_buffer, cursor_type)	src/buffer.c	6019					-
variable	data-directory	Vdata_directory	src/callproc.c	2020					-
variable	dbus-compiled-version	Vdbus_compiled_version	src/dbusbind.c	1956					-
variable	dbus-debug	Vdbus_debug	src/dbusbind.c	2047					-
variable	dbus-message-type-error	Vdbus_message_type_error	src/dbusbind.c	1996					-
variable	dbus-message-type-invalid	Vdbus_message_type_invalid	src/dbusbind.c	1980					-
variable	dbus-message-type-method-call	Vdbus_message_type_method_call	src/dbusbind.c	1985					-
variable	dbus-message-type-method-return	Vdbus_message_type_method_return	src/dbusbind.c	1990					-
variable	dbus-message-type-signal	Vdbus_message_type_signal	src/dbusbind.c	2001					-
variable	dbus-registered-objects-table	Vdbus_registered_objects_table	src/dbusbind.c	2006					-
variable	dbus-runtime-version	Vdbus_runtime_version	src/dbusbind.c	1965					-
variable	deactivate-mark	Vdeactivate_mark	src/keyboard.c	12257					-
variable	debug-ignored-errors	Vdebug_ignored_errors	src/eval.c	3912					-
variable	debug-on-error	Vdebug_on_error	src/eval.c	3900					-
variable	debug-on-event	Vdebug_on_event	src/keyboard.c	12591					-
variable	debug-on-message	Vdebug_on_message	src/xdisp.c	33944					-
variable	debug-on-next-call	debug_on_next_call	src/eval.c	3930					-
variable	debug-on-quit	debug_on_quit	src/eval.c	3925					-
variable	debug-on-signal	Vdebug_on_signal	src/eval.c	3962					-
variable	debugger	Vdebugger	src/eval.c	3944					-
variable	debugger-may-continue	debugger_may_continue	src/eval.c	3933					-
variable	debugger-stack-frame-as-list	debugger_stack_frame_as_list	src/eval.c	3939					-
variable	default-directory	&BVAR (current_buffer, directory)	src/buffer.c	5540					-
variable	default-file-name-coding-system	Vdefault_file_name_coding_system	src/fileio.c	6502					-
variable	default-frame-alist	Vdefault_frame_alist	src/frame.c	6381					-
variable	default-frame-scroll-bars	Vdefault_frame_scroll_bars	src/frame.c	6406					-
variable	default-minibuffer-frame	Vdefault_minibuffer_frame	src/frame.c	6510					-
variable	default-process-coding-system	Vdefault_process_coding_system	src/coding.c	12098					-
variable	default-text-properties	Vdefault_text_properties	src/textprop.c	2404					-
variable	defining-kbd-macro	defining_kbd_macro	src/macros.c	426					-
variable	delayed-warnings-list	Vdelayed_warnings_list	src/keyboard.c	12449					-
variable	delete-auto-save-files	delete_auto_save_files	src/buffer.c	6098					-
variable	delete-by-moving-to-trash	delete_by_moving_to_trash	src/fileio.c	6698					-
variable	delete-exited-processes	delete_exited_processes	src/process.c	7683					-
variable	delete-frame-functions	Vdelete_frame_functions	src/frame.c	6462					-
variable	delete-terminal-functions	Vdelete_terminal_functions	src/terminal.c	664					-
variable	describe-bindings-check-shadowing-in-ranges	Vdescribe_bindings_check_shadowing_in_ranges	src/keymap.c	3395					-
variable	disable-ascii-optimization	disable_ascii_optimization	src/coding.c	12181					-
variable	disable-point-adjustment	Vdisable_point_adjustment	src/keyboard.c	12499					-
variable	display-fill-column-indicator	display_fill_column_indicator	src/xdisp.c	33799					-
variable	display-fill-column-indicator-character	Vdisplay_fill_column_indicator_character	src/xdisp.c	33818					-
variable	display-fill-column-indicator-column	Vdisplay_fill_column_indicator_column	src/xdisp.c	33808					-
variable	display-hourglass	display_hourglass_p	src/xdisp.c	33879					-
variable	display-line-numbers	Vdisplay_line_numbers	src/xdisp.c	33736					-
variable	display-line-numbers-current-absolute	Vdisplay_line_numbers_current_absolute	src/xdisp.c	33777					-
variable	display-line-numbers-major-tick	display_line_numbers_major_tick	src/xdisp.c	33827					-
variable	display-line-numbers-minor-tick	display_line_numbers_minor_tick	src/xdisp.c	33834					-
variable	display-line-numbers-offset	display_line_numbers_offset	src/xdisp.c	33790					-
variable	display-line-numbers-widen	display_line_numbers_widen	src/xdisp.c	33784					-
variable	display-line-numbers-width	Vdisplay_line_numbers_width	src/xdisp.c	33767					-
variable	display-monitors-changed-functions	Vdisplay_monitors_changed_functions	src/keyboard.c	12655					-
variable	display-pixels-per-inch	Vdisplay_pixels_per_inch	src/xdisp.c	33347					-
variable	display-raw-bytes-as-hex	display_raw_bytes_as_hex	src/xdisp.c	33980					-
variable	doc-directory	Vdoc_directory	src/callproc.c	2024					-
variable	double-click-fuzz	double_click_fuzz	src/keyboard.c	12136					-
variable	double-click-time	Vdouble_click_time	src/keyboard.c	12126					-
variable	dynamic-library-alist	Vdynamic_library_alist	src/emacs.c	3323					-
variable	dynamic-library-suffixes	Vdynamic_library_suffixes	src/lread.c	5225					-
variable	echo-keystrokes	Vecho_keystrokes	src/keyboard.c	12107					-
variable	echo-keystrokes-help	echo_keystrokes_help	src/keyboard.c	12113					-
variable	emacs-copyright	Vemacs_copyright	src/emacs.c	3306					-
variable	emacs-version	Vemacs_version	src/emacs.c	3310					-
variable	emulation-mode-map-alists	Vemulation_mode_map_alists	src/keymap.c	3377					-
variable	enable-character-translation	Venable_character_translation	src/coding.c	12076					-
variable	enable-disabled-menus-and-buttons	Venable_disabled_menus_and_buttons	src/keyboard.c	12552					-
variable	enable-multibyte-characters	&BVAR (current_buffer, enable_multibyte_characters)	src/buffer.c	5414					-
variable	enable-recursive-minibuffers	enable_recursive_minibuffers	src/minibuf.c	2377					-
variable	eol-mnemonic-dos	eol_mnemonic_dos	src/coding.c	12061					-
variable	eol-mnemonic-mac	eol_mnemonic_mac	src/coding.c	12066					-
variable	eol-mnemonic-undecided	eol_mnemonic_undecided	src/coding.c	12071					-
variable	eol-mnemonic-unix	eol_mnemonic_unix	src/coding.c	12056					-
variable	eval-buffer-list	Veval_buffer_list	src/lread.c	5391					-
variable	exec-directory	Vexec_directory	src/callproc.c	2015					-
variable	exec-path	Vexec_path	src/callproc.c	2002					-
variable	exec-suffixes	Vexec_suffixes	src/callproc.c	2010					-
variable	executing-kbd-macro	Vexecuting_kbd_macro	src/macros.c	431					-
variable	executing-kbd-macro-index	executing_kbd_macro_index	src/macros.c	435					-
variable	extra-keyboard-modifiers	extra_keyboard_modifiers	src/keyboard.c	12243					-
variable	face--new-frame-defaults	Vface_new_frame_defaults	src/xfaces.c	7399					-
variable	face-default-stipple	Vface_default_stipple	src/xfaces.c	7405					-
variable	face-filters-always-match	face_filters_always_match	src/xfaces.c	7393					-
variable	face-font-lax-matched-attributes	Vface_font_lax_matched_attributes	src/xfaces.c	7532					-
variable	face-font-rescale-alist	Vface_font_rescale_alist	src/xfaces.c	7509					-
variable	face-ignored-fonts	Vface_ignored_fonts	src/xfaces.c	7427					-
variable	face-near-same-color-threshold	face_near_same_color_threshold	src/xfaces.c	7518					-
variable	face-remapping-alist	Vface_remapping_alist	src/xfaces.c	7443					-
variable	fast-but-imprecise-scrolling	fast_but_imprecise_scrolling	src/window.c	8876					-
variable	features	Vfeatures	src/fns.c	6663					-
variable	file-coding-system-alist	Vfile_coding_system_alist	src/coding.c	11995					-
variable	file-name-coding-system	Vfile_name_coding_system	src/fileio.c	6493					-
variable	file-name-handler-alist	Vfile_name_handler_alist	src/fileio.c	6561					-
variable	fill-column	&BVAR (current_buffer, fill_column)	src/buffer.c	5385					-
variable	find-word-boundary-function-table	Vfind_word_boundary_function_table	src/syntax.c	3751					-
variable	first-change-hook	Vfirst_change_hook	src/buffer.c	5852					-
variable	float-output-format	Vfloat_output_format	src/print.c	2767					-
variable	floats-consed	floats_consed	src/alloc.c	5599					-
variable	focus-follows-mouse	focus_follows_mouse	src/frame.c	6532					-
variable	font-ccl-encoder-alist	Vfont_ccl_encoder_alist	src/ccl.c	2384					-
variable	font-encoding-alist	Vfont_encoding_alist	src/font.c	6195					-
variable	font-encoding-charset-alist	Vfont_encoding_charset_alist	src/fontset.c	2172					-
variable	font-log	Vfont_log	src/font.c	6249					-
variable	font-slant-table	Vfont_slant_table	src/font.c	6231					-
variable	font-weight-table	Vfont_weight_table	src/font.c	6222					-
variable	font-width-table	Vfont_width_table	src/font.c	6238					-
variable	fontification-functions	Vfontification_functions	src/xdisp.c	33598					-
variable	fontset-alias-alist	Vfontset_alias_alist	src/fontset.c	2218					-
variable	force-load-messages	force_load_messages	src/lread.c	5365					-
variable	frame-alpha-lower-limit	Vframe_alpha_lower_limit	src/frame.c	6374					-
variable	frame-inhibit-implied-resize	frame_inhibit_implied_resize	src/frame.c	6591					-
variable	frame-internal-parameters	frame_internal_parameters	src/frame.c	6691					-
variable	frame-resize-pixelwise	frame_resize_pixelwise	src/frame.c	6578					-
variable	frame-size-history	frame_size_history	src/frame.c	6636					-
variable	frame-title-format	Vframe_title_format	src/xdisp.c	33424					-
variable	fringe-bitmaps	Vfringe_bitmaps	src/fringe.c	1775					-
variable	fringe-cursor-alist	&BVAR (current_buffer, fringe_cursor_alist)	src/buffer.c	5777					-
variable	fringe-indicator-alist	&BVAR (current_buffer, fringe_indicator_alist)	src/buffer.c	5758					-
variable	fringes-outside-margins	&BVAR (current_buffer, fringes_outside_margins)	src/buffer.c	5687					-
variable	function-key-map	Vfunction_key_map	src/keyboard.c	12435					-
variable	gc-cons-percentage	Vgc_cons_percentage	src/alloc.c	5582					-
variable	gc-cons-threshold	gc_cons_threshold	src/alloc.c	5568					-
variable	gc-elapsed	Vgc_elapsed	src/alloc.c	5640					-
variable	gcs-done	gcs_done	src/alloc.c	5644					-
variable	global-disable-point-adjustment	Vglobal_disable_point_adjustment	src/keyboard.c	12511					-
variable	global-mark-ring	Vglobal_mark_ring	src/editfns.c	4556					-
variable	global-mark-ring-max	global_mark_ring_max	src/editfns.c	4561					-
variable	global-mode-string	Vglobal_mode_string	src/xdisp.c	33289					-
variable	glyph-table	Vglyph_table	src/dispnew.c	6607					-
variable	glyphless-char-display	Vglyphless_char_display	src/xdisp.c	33914					-
variable	gnutls-log-level	global_gnutls_log_level	src/gnutls.c	3102					-
variable	header-line-format	&BVAR (current_buffer, header_line_format)	src/buffer.c	5274					-
variable	help-char	Vhelp_char	src/keyboard.c	12178					-
variable	help-event-list	Vhelp_event_list	src/keyboard.c	12184					-
variable	help-form	Vhelp_form	src/keyboard.c	12189					-
variable	highlight-nonselected-windows	highlight_nonselected_windows	src/xdisp.c	33412					-
variable	history-add-new-input	Vhistory_add_new_input	src/minibuf.c	2362					-
variable	history-delete-duplicates	history_delete_duplicates	src/minibuf.c	2356					-
variable	history-length	Vhistory_length	src/minibuf.c	2345					-
variable	horizontal-scroll-bar	&BVAR (current_buffer, horizontal_scroll_bar_type)	src/buffer.c	5715					-
variable	hourglass-delay	Vhourglass_delay	src/xdisp.c	33885					-
variable	hscroll-margin	hscroll_margin	src/xdisp.c	33666					-
variable	hscroll-step	Vhscroll_step	src/xdisp.c	33671					-
variable	icon-title-format	Vicon_title_format	src/xdisp.c	33432					-
variable	iconify-child-frame	iconify_child_frame	src/frame.c	6676					-
variable	ignore-relative-composition	Vignore_relative_composition	src/fontset.c	2203					-
variable	image-cache-eviction-delay	Vimage_cache_eviction_delay	src/image.c	12568					-
variable	image-scaling-factor	Vimage_scaling_factor	src/image.c	12578					-
variable	image-types	Vimage_types	src/image.c	12344					-
variable	imagemagick-render-type	imagemagick_render_type	src/image.c	12589					-
variable	indent-tabs-mode	indent_tabs_mode	src/indent.c	2382					-
variable	indicate-buffer-boundaries	&BVAR (current_buffer, indicate_buffer_boundaries)	src/buffer.c	5733					-
variable	indicate-empty-lines	&BVAR (current_buffer, indicate_empty_lines)	src/buffer.c	5726					-
variable	inherit-process-coding-system	inherit_process_coding_system	src/coding.c	11988					-
variable	inhibit--record-char	inhibit_record_char	src/keyboard.c	12664					-
variable	inhibit-bidi-mirroring	inhibit_bidi_mirroring	src/xdisp.c	33849					-
variable	inhibit-changing-match-data	Vinhibit_changing_match_data	src/search.c	3414					-
variable	inhibit-compacting-font-caches	inhibit_compacting_font_caches	src/font.c	6256					-
variable	inhibit-debugger	Vinhibit_debugger	src/eval.c	3894					-
variable	inhibit-eol-conversion	inhibit_eol_conversion	src/coding.c	11981					-
variable	inhibit-eval-during-redisplay	inhibit_eval_during_redisplay	src/xdisp.c	33841					-
variable	inhibit-field-text-motion	Vinhibit_field_text_motion	src/editfns.c	4509					-
variable	inhibit-file-name-handlers	Vinhibit_file_name_handlers	src/fileio.c	6650					-
variable	inhibit-file-name-operation	Vinhibit_file_name_operation	src/fileio.c	6655					-
variable	inhibit-free-realized-faces	inhibit_free_realized_faces	src/xdisp.c	33845					-
variable	inhibit-interaction	inhibit_interaction	src/minibuf.c	2480					-
variable	inhibit-iso-escape-detection	inhibit_iso_escape_detection	src/coding.c	12140					-
variable	inhibit-load-charset-map	inhibit_load_charset_map	src/charset.c	2410					-
variable	inhibit-menubar-update	inhibit_menubar_update	src/xdisp.c	33706					-
variable	inhibit-message	inhibit_message	src/xdisp.c	33026					-
variable	inhibit-modification-hooks	inhibit_modification_hooks	src/insdel.c	2164					-
variable	inhibit-mouse-event-check	inhibit_mouse_event_check	src/callint.c	898					-
variable	inhibit-null-byte-detection	inhibit_null_byte_detection	src/coding.c	12168					-
variable	inhibit-point-motion-hooks	Vinhibit_point_motion_hooks	src/textprop.c	2419					-
variable	inhibit-quit	Vinhibit_quit	src/eval.c	3869					-
variable	inhibit-read-only	Vinhibit_read_only	src/buffer.c	6011					-
variable	inhibit-redisplay	Vinhibit_redisplay	src/xdisp.c	33284					-
variable	inhibit-x-resources	inhibit_x_resources	src/emacs.c	3302					-
variable	initial-char-script	&BVAR (current_buffer, initial_char_script)	src/buffer.c	5446					-
variable	initial-environment	Vinitial_environment	src/callproc.c	2039					-
variable	initial-window-system	Vinitial_window_system	src/dispnew.c	6574					-
variable	input-decode-map	Vinput_decode_map	src/keyboard.c	12418					-
variable	input-method-function	Vinput_method_function	src/keyboard.c	12465					-
variable	input-method-previous-message	Vinput_method_previous_message	src/keyboard.c	12487					-
variable	input-pending-p-filter-events	input_pending_p_filter_events	src/keyboard.c	12641					-
variable	installation-directory	Vinstallation_directory	src/emacs.c	3269					-
variable	installed-directory	Vinstalled_directory	src/lread.c	5340					-
variable	integer-width	integer_width	src/alloc.c	5648					-
variable	internal--daemon-sockname	Vinternal__daemon_sockname	src/process.c	7723					-
variable	internal--text-quoting-flag	text_quoting_flag	src/doc.c	713					-
variable	internal--top-level-message	Vinternal__top_level_message	src/keyboard.c	11685					-
variable	internal-doc-file-name	Vdoc_file_name	src/doc.c	684					-
variable	internal-make-interpreted-closure-function	Vinternal_make_interpreted_closure_function	src/eval.c	3988					-
variable	internal-when-entered-debugger	when_entered_debugger	src/eval.c	3983					-
variable	interrupt-process-functions	Vinterrupt_process_functions	src/process.c	7709					-
variable	intervals-consed	intervals_consed	src/alloc.c	5612					-
variable	inverse-video	inverse_video	src/dispnew.c	6559					-
variable	invocation-directory	Vinvocation_directory	src/emacs.c	3265					-
variable	invocation-name	Vinvocation_name	src/emacs.c	3261					-
variable	kbd-macro-termination-hook	Vkbd_macro_termination_hook	src/macros.c	413					-
variable	key-translation-map	Vkey_translation_map	src/keyboard.c	12443					-
variable	keyboard-translate-table	Vkeyboard_translate_table	src/keyboard.c	12207					-
variable	kill-buffer-delete-auto-save-files	kill_buffer_delete_auto_save_files	src/buffer.c	6091					-
variable	kill-buffer-query-functions	Vkill_buffer_query_functions	src/buffer.c	6059					-
variable	kill-emacs-hook	Vkill_emacs_hook	src/emacs.c	3242					-
variable	last-code-conversion-error	Vlast_code_conversion_error	src/coding.c	11964					-
variable	last-coding-system-used	Vlast_coding_system_used	src/coding.c	11959					-
variable	last-command	Vlast_command	src/keyboard.c	12030					-
variable	last-command-event	last_command_event	src/keyboard.c	11988					-
variable	last-event-device	Vlast_event_device	src/keyboard.c	12163					-
variable	last-event-frame	Vlast_event_frame	src/keyboard.c	12158					-
variable	last-input-event	last_input_event	src/keyboard.c	11998					-
variable	last-kbd-macro	Vlast_kbd_macro	src/macros.c	438					-
variable	last-nonmenu-event	last_nonmenu_event	src/keyboard.c	11992					-
variable	last-prefix-arg	Vlast_prefix_arg	src/callint.c	855					-
variable	last-repeatable-command	Vlast_repeatable_command	src/keyboard.c	12051					-
variable	last-selected-window	&BVAR (current_buffer, last_selected_window)	src/buffer.c	5971					-
variable	latin-extra-code-table	Vlatin_extra_code_table	src/coding.c	12105					-
variable	left-fringe-width	&BVAR (current_buffer, left_fringe_width)	src/buffer.c	5669					-
variable	left-margin	&BVAR (current_buffer, left_margin)	src/buffer.c	5393					-
variable	left-margin-width	&BVAR (current_buffer, left_margin_cols)	src/buffer.c	5653					-
variable	lexical-binding	Vlexical_binding	src/lread.c	5381					-
variable	libgnutls-version	Vlibgnutls_version	src/gnutls.c	2988					-
variable	line-number-display-limit	Vline_number_display_limit	src/xdisp.c	33399					-
variable	line-number-display-limit-width	line_number_display_limit_width	src/xdisp.c	33405					-
variable	line-prefix	Vline_prefix	src/xdisp.c	33723					-
variable	line-spacing	&BVAR (current_buffer, extra_line_spacing)	src/buffer.c	6042					-
variable	load-convert-to-unibyte	load_convert_to_unibyte	src/lread.c	5327					-
variable	load-dangerous-libraries	load_dangerous_libraries	src/lread.c	5358					-
variable	load-file-name	Vload_file_name	src/lread.c	5292					-
variable	load-file-rep-suffixes	Vload_file_rep_suffixes	src/lread.c	5238					-
variable	load-force-doc-strings	load_force_doc_strings	src/lread.c	5322					-
variable	load-history	Vload_history	src/lread.c	5272					-
variable	load-in-progress	load_in_progress	src/lread.c	5253					-
variable	load-path	Vload_path	src/lread.c	5188					-
variable	load-read-function	Vload_read_function	src/lread.c	5309					-
variable	load-source-file-function	Vload_source_file_function	src/lread.c	5318					-
variable	load-suffixes	Vload_suffixes	src/lread.c	5198					-
variable	local-abbrev-table	&BVAR (current_buffer, abbrev_table)	src/buffer.c	5378					-
variable	local-function-key-map	Vlocal_function_key_map	src/keyboard.c	12389					-
variable	local-minor-modes	&BVAR (current_buffer, local_minor_modes)	src/buffer.c	5365					-
variable	locale-coding-system	Vlocale_coding_system	src/coding.c	12049					-
variable	lread--unescaped-character-literals	Vlread_unescaped_character_literals	src/lread.c	5395					-
variable	lucid--menu-grab-keyboard	lucid__menu_grab_keyboard	src/keyboard.c	12312					-
variable	macroexp--dynvars	Vmacroexp__dynvars	src/lread.c	5463					-
variable	main-thread	Vmain_thread	src/thread.c	1116					-
variable	major-mode	&BVAR (current_buffer, major_mode)	src/buffer.c	5358					-
variable	make-cursor-line-fully-visible	Vmake_cursor_line_fully_visible	src/xdisp.c	33522					-
variable	make-pointer-invisible	Vmake_pointer_invisible	src/frame.c	6449					-
variable	make-window-start-visible	make_window_start_visible	src/xdisp.c	33532					-
variable	mark-active	&BVAR (current_buffer, mark_active)	src/buffer.c	5903					-
variable	mark-even-if-inactive	Vmark_even_if_inactive	src/callint.c	881					-
variable	max-image-size	Vmax_image_size	src/image.c	12350					-
variable	max-lisp-eval-depth	max_lisp_eval_depth	src/eval.c	3860					-
variable	max-mini-window-height	Vmax_mini_window_height	src/xdisp.c	33618					-
variable	maximum-scroll-margin	Vmaximum_scroll_margin	src/xdisp.c	33339					-
variable	menu-bar-final-items	Vmenu_bar_final_items	src/keyboard.c	12320					-
variable	menu-bar-mode	Vmenu_bar_mode	src/frame.c	6482					-
variable	menu-bar-update-hook	Vmenu_bar_update_hook	src/xdisp.c	33694					-
variable	menu-prompt-more-char	menu_prompt_more_char	src/keyboard.c	12238					-
variable	menu-prompting	menu_prompting	src/keyboard.c	12228					-
variable	menu-updating-frame	Vmenu_updating_frame	src/xdisp.c	33701					-
variable	message-log-max	Vmessage_log_max	src/xdisp.c	33450					-
variable	message-truncate-lines	message_truncate_lines	src/xdisp.c	33689					-
variable	messages-buffer-name	Vmessages_buffer_name	src/xdisp.c	33185					-
variable	meta-prefix-char	meta_prefix_char	src/keyboard.c	12025					-
variable	minibuffer-allow-text-properties	minibuffer_allow_text_properties	src/minibuf.c	2457					-
variable	minibuffer-auto-raise	minibuffer_auto_raise	src/minibuf.c	2438					-
variable	minibuffer-completing-file-name	Vminibuffer_completing_file_name	src/minibuf.c	2414					-
variable	minibuffer-completion-confirm	Vminibuffer_completion_confirm	src/minibuf.c	2403					-
variable	minibuffer-completion-predicate	Vminibuffer_completion_predicate	src/minibuf.c	2399					-
variable	minibuffer-completion-table	Vminibuffer_completion_table	src/minibuf.c	2384					-
variable	minibuffer-exit-hook	Vminibuffer_exit_hook	src/minibuf.c	2341					-
variable	minibuffer-follows-selected-frame	minibuffer_follows_selected_frame	src/minibuf.c	2322					-
variable	minibuffer-help-form	Vminibuffer_help_form	src/minibuf.c	2419					-
variable	minibuffer-history-position	Vminibuffer_history_position	src/minibuf.c	2434					-
variable	minibuffer-history-variable	Vminibuffer_history_variable	src/minibuf.c	2423					-
variable	minibuffer-local-map	Vminibuffer_local_map	src/keymap.c	3358					-
variable	minibuffer-message-timeout	Vminibuffer_message_timeout	src/keyboard.c	12520					-
variable	minibuffer-prompt-properties	Vminibuffer_prompt_properties	src/minibuf.c	2465					-
variable	minibuffer-scroll-window	Vminibuf_scroll_window	src/window.c	8575					-
variable	minibuffer-setup-hook	Vminibuffer_setup_hook	src/minibuf.c	2337					-
variable	minor-mode-map-alist	Vminor_mode_map_alist	src/keymap.c	3362					-
variable	minor-mode-overriding-map-alist	Vminor_mode_overriding_map_alist	src/keymap.c	3370					-
variable	mode-line-compact	Vmode_line_compact	src/xdisp.c	33233					-
variable	mode-line-format	&BVAR (current_buffer, mode_line_format)	src/buffer.c	5284					-
variable	mode-line-in-non-selected-windows	mode_line_in_non_selected_windows	src/window.c	8579					-
variable	mode-name	&BVAR (current_buffer, mode_name)	src/buffer.c	5371					-
variable	module-file-suffix	Vmodule_file_suffix	src/lread.c	5217					-
variable	most-negative-fixnum	Vmost_negative_fixnum	src/data.c	4035					-
variable	most-positive-fixnum	Vmost_positive_fixnum	src/data.c	4029					-
variable	mouse-autoselect-window	Vmouse_autoselect_window	src/xdisp.c	33474					-
variable	mouse-fine-grained-tracking	mouse_fine_grained_tracking	src/xdisp.c	33986					-
variable	mouse-highlight	Vmouse_highlight	src/frame.c	6441					-
variable	mouse-leave-buffer-hook	Vmouse_leave_buffer_hook	src/callint.c	889					-
variable	mouse-position-function	Vmouse_position_function	src/frame.c	6433					-
variable	move-frame-functions	Vmove_frame_functions	src/frame.c	6457					-
variable	multibyte-syntax-as-symbol	multibyte_syntax_as_symbol	src/syntax.c	3741					-
variable	multiple-frames	multiple_frames	src/xdisp.c	33418					-
variable	mwheel-coalesce-scroll-events	mwheel_coalesce_scroll_events	src/keyboard.c	12649					-
variable	network-coding-system-alist	Vnetwork_coding_system_alist	src/coding.c	12032					-
variable	next-screen-context-lines	next_screen_context_lines	src/window.c	8601					-
variable	no-redraw-on-reenter	no_redraw_on_reenter	src/dispnew.c	6568					-
variable	nobreak-char-ascii-display	nobreak_char_ascii_display	src/xdisp.c	33257					-
variable	nobreak-char-display	Vnobreak_char_display	src/xdisp.c	33241					-
variable	noninteractive	noninteractive1	src/emacs.c	3239					-
variable	num-input-keys	num_input_keys	src/keyboard.c	12147					-
variable	num-nonmacro-input-events	num_nonmacro_input_events	src/keyboard.c	12153					-
variable	obarray	Vobarray	src/lread.c	5167					-
variable	open-paren-in-column-0-is-defun-start	open_paren_in_column_0_is_defun_start	src/syntax.c	3745					-
variable	operating-system-release	Voperating_system_release	src/editfns.c	4551					-
variable	otf-script-alist	Votf_script_alist	src/fontset.c	2231					-
variable	other-window-scroll-buffer	Vother_window_scroll_buffer	src/window.c	8585					-
variable	other-window-scroll-default	Vother_window_scroll_default	src/window.c	8589					-
variable	overflow-newline-into-fringe	Voverflow_newline_into_fringe	src/fringe.c	1766					-
variable	overlay-arrow-position	Voverlay_arrow_position	src/xdisp.c	33293					-
variable	overlay-arrow-string	Voverlay_arrow_string	src/xdisp.c	33299					-
variable	overlay-arrow-variable-list	Voverlay_arrow_variable_list	src/xdisp.c	33304					-
variable	overline-margin	overline_margin	src/xdisp.c	33863					-
variable	overriding-local-map	Voverriding_local_map	src/keyboard.c	12347					-
variable	overriding-local-map-menu-flag	Voverriding_local_map_menu_flag	src/keyboard.c	12357					-
variable	overriding-plist-environment	Voverriding_plist_environment	src/fns.c	6648					-
variable	overriding-terminal-local-map	Voverriding_terminal_local_map	src/keyboard.c	12338					-
variable	overwrite-mode	&BVAR (current_buffer, overwrite_mode)	src/buffer.c	5606					-
variable	parse-sexp-ignore-comments	parse_sexp_ignore_comments	src/syntax.c	3722					-
variable	parse-sexp-lookup-properties	parse_sexp_lookup_properties	src/syntax.c	3725					-
variable	path-separator	Vpath_separator	src/emacs.c	3253					-
variable	pdumper--pure-pool	Vpdumper__pure_pool	src/pdumper_write.c	3757					-
variable	point-before-scroll	&BVAR (current_buffer, point_before_scroll)	src/buffer.c	5942					-
variable	polling-period	Vpolling_period	src/keyboard.c	12119					-
variable	post-command-hook	Vpost_command_hook	src/keyboard.c	12281					-
variable	post-gc-hook	Vpost_gc_hook	src/alloc.c	5618					-
variable	post-select-region-hook	Vpost_select_region_hook	src/keyboard.c	12679					-
variable	post-self-insert-hook	Vpost_self_insert_hook	src/cmds.c	515					-
variable	pre-command-hook	Vpre_command_hook	src/keyboard.c	12272					-
variable	pre-redisplay-function	Vpre_redisplay_function	src/xdisp.c	33903					-
variable	prefix-arg	Vprefix_arg	src/callint.c	844					-
variable	prefix-help-command	Vprefix_help_command	src/keyboard.c	12195					-
variable	preloaded-file-list	Vpreloaded_file_list	src/lread.c	5350					-
variable	print--unreadable-callback-buffer	Vprint__unreadable_callback_buffer	src/print.c	2925					-
variable	print-charset-text-property	Vprint_charset_text_property	src/print.c	2877					-
variable	print-circle	Vprint_circle	src/print.c	2842					-
variable	print-continuous-numbering	Vprint_continuous_numbering	src/print.c	2854					-
variable	print-escape-control-characters	print_escape_control_characters	src/print.c	2809					-
variable	print-escape-multibyte	print_escape_multibyte	src/print.c	2822					-
variable	print-escape-newlines	print_escape_newlines	src/print.c	2804					-
variable	print-escape-nonascii	print_escape_nonascii	src/print.c	2814					-
variable	print-gensym	Vprint_gensym	src/print.c	2833					-
variable	print-integers-as-characters	print_integers_as_characters	src/print.c	2786					-
variable	print-length	Vprint_length	src/print.c	2794					-
variable	print-level	Vprint_level	src/print.c	2799					-
variable	print-number-table	Vprint_number_table	src/print.c	2861					-
variable	print-quoted	print_quoted	src/print.c	2828					-
variable	print-unreadable-function	Vprint_unreadable_function	src/print.c	2910					-
variable	printable-chars	Vprintable_chars	src/character.c	1127					-
variable	process-adaptive-read-buffering	Vprocess_adaptive_read_buffering	src/process.c	7697					-
variable	process-coding-system-alist	Vprocess_coding_system_alist	src/coding.c	12016					-
variable	process-connection-type	Vprocess_connection_type	src/process.c	7689					-
variable	process-environment	Vprocess_environment	src/callproc.c	2045					-
variable	process-error-pause-time	process_error_pause_time	src/process.c	7736					-
variable	profiler-log-size	profiler_log_size	src/profiler.c	697					-
variable	profiler-max-stack-depth	profiler_max_stack_depth	src/profiler.c	694					-
variable	query-all-font-backends	query_all_font_backends	src/font.c	6283					-
variable	quit-flag	Vquit_flag	src/eval.c	3863					-
variable	read-buffer-completion-ignore-case	read_buffer_completion_ignore_case	src/minibuf.c	2332					-
variable	read-buffer-function	Vread_buffer_function	src/minibuf.c	2317					-
variable	read-circle	Vread_circle	src/lread.c	5184					-
variable	read-expression-history	Vread_expression_history	src/minibuf.c	2312					-
variable	read-hide-char	Vread_hide_char	src/minibuf.c	2471					-
variable	read-minibuffer-restore-windows	read_minibuffer_restore_windows	src/minibuf.c	2489					-
variable	read-process-output-max	read_process_output_max	src/process.c	7727					-
variable	read-symbol-shorthands	Vread_symbol_shorthands	src/lread.c	5454					-
variable	real-last-command	Vreal_last_command	src/keyboard.c	12047					-
variable	real-this-command	Vreal_this_command	src/keyboard.c	12063					-
variable	recenter-redisplay	Vrecenter_redisplay	src/window.c	8777					-
variable	record-all-keys	record_all_keys	src/keyboard.c	12672					-
variable	redisplay--all-windows-cause	Vredisplay__all_windows_cause	src/xdisp.c	33970					-
variable	redisplay--mode-lines-cause	Vredisplay__mode_lines_cause	src/xdisp.c	33975					-
variable	redisplay-adhoc-scroll-in-resize-mini-windows	redisplay_adhoc_scroll_in_resize_mini_windows	src/xdisp.c	34017					-
variable	redisplay-dont-pause	redisplay_dont_pause	src/dispnew.c	6624					-
variable	redisplay-skip-fontification-on-input	redisplay_skip_fontification_on_input	src/xdisp.c	34004					-
variable	redisplay-skip-initial-frame	redisplay_skip_initial_frame	src/xdisp.c	33996					-
variable	region-extract-function	Vregion_extract_function	src/casefiddle.c	705					-
variable	report-emacs-bug-address	Vreport_emacs_bug_address	src/emacs.c	3319					-
variable	resize-mini-frames	resize_mini_frames	src/frame.c	6519					-
variable	resize-mini-windows	Vresize_mini_windows	src/xdisp.c	33626					-
variable	resume-tty-functions	Vresume_tty_functions	src/term.c	4601					-
variable	right-fringe-width	&BVAR (current_buffer, right_fringe_width)	src/buffer.c	5678					-
variable	right-margin-width	&BVAR (current_buffer, right_margin_cols)	src/buffer.c	5661					-
variable	ring-bell-function	Vring_bell_function	src/terminal.c	659					-
variable	saved-region-selection	Vsaved_region_selection	src/keyboard.c	12573					-
variable	scalable-fonts-allowed	Vscalable_fonts_allowed	src/xfaces.c	7417					-
variable	script-representative-chars	Vscript_representative_chars	src/character.c	1144					-
variable	scroll-bar-adjust-thumb-portion	scroll_bar_adjust_thumb_portion_p	src/frame.c	6420					-
variable	scroll-bar-height	&BVAR (current_buffer, scroll_bar_height)	src/buffer.c	5700					-
variable	scroll-bar-width	&BVAR (current_buffer, scroll_bar_width)	src/buffer.c	5695					-
variable	scroll-conservatively	scroll_conservatively	src/xdisp.c	33319					-
variable	scroll-down-aggressively	&BVAR (current_buffer, scroll_down_aggressively)	src/buffer.c	5805					-
variable	scroll-margin	scroll_margin	src/xdisp.c	33333					-
variable	scroll-minibuffer-conservatively	scroll_minibuffer_conservatively	src/xdisp.c	33019					-
variable	scroll-preserve-screen-position	Vscroll_preserve_screen_position	src/window.c	8605					-
variable	scroll-step	emacs_scroll_step	src/xdisp.c	33312					-
variable	scroll-up-aggressively	&BVAR (current_buffer, scroll_up_aggressively)	src/buffer.c	5792					-
variable	search-spaces-regexp	Vsearch_spaces_regexp	src/search.c	3403					-
variable	select-active-regions	Vselect_active_regions	src/keyboard.c	12560					-
variable	select-safe-coding-system-function	Vselect_safe_coding_system_function	src/coding.c	12117					-
variable	selection-inhibit-update-commands	Vselection_inhibit_update_commands	src/keyboard.c	12581					-
variable	selective-display	&BVAR (current_buffer, selective_display)	src/buffer.c	5589					-
variable	selective-display-ellipses	&BVAR (current_buffer, selective_display_ellipses)	src/buffer.c	5601					-
variable	set-auto-coding-function	Vset_auto_coding_function	src/fileio.c	6583					-
variable	set-message-function	Vset_message_function	src/xdisp.c	33948					-
variable	shared-game-score-directory	Vshared_game_score_directory	src/callproc.c	2035					-
variable	shell-file-name	Vshell_file_name	src/callproc.c	1997					-
variable	show-help-function	Vshow_help_function	src/keyboard.c	12494					-
variable	show-trailing-whitespace	Vshow_trailing_whitespace	src/xdisp.c	33228					-
variable	signal-hook-function	Vsignal_hook_function	src/eval.c	3956					-
variable	signal-process-functions	Vsignal_process_functions	src/process.c	7716					-
variable	source-directory	Vsource_directory	src/lread.c	5333					-
variable	special-event-map	Vspecial_event_map	src/keyboard.c	12363					-
variable	standard-display-table	Vstandard_display_table	src/dispnew.c	6618					-
variable	standard-input	Vstandard_input	src/lread.c	5179					-
variable	standard-output	Vstandard_output	src/print.c	2758					-
variable	standard-translation-table-for-decode	Vstandard_translation_table_for_decode	src/coding.c	12081					-
variable	standard-translation-table-for-encode	Vstandard_translation_table_for_encode	src/coding.c	12086					-
variable	string-chars-consed	string_chars_consed	src/alloc.c	5609					-
variable	strings-consed	strings_consed	src/alloc.c	5615					-
variable	suspend-tty-functions	Vsuspend_tty_functions	src/term.c	4594					-
variable	symbols-consed	symbols_consed	src/alloc.c	5605					-
variable	syntax-propertize--done	syntax_propertize__done	src/syntax.c	3731					-
variable	system-configuration	Vsystem_configuration	src/emacs.c	3222					-
variable	system-configuration-features	Vsystem_configuration_features	src/emacs.c	3230					-
variable	system-configuration-options	Vsystem_configuration_options	src/emacs.c	3226					-
variable	system-key-alist	Vsystem_key_alist	src/keyboard.c	12380					-
variable	system-messages-locale	Vsystem_messages_locale	src/emacs.c	3279					-
variable	system-name	Vsystem_name	src/editfns.c	4537					-
variable	system-time-locale	Vsystem_time_locale	src/emacs.c	3287					-
variable	system-type	Vsystem_type	src/emacs.c	3206					-
variable	system-uses-terminfo	system_uses_terminfo	src/term.c	4585					-
variable	tab-bar--dragging-in-progress	tab_bar__dragging_in_progress	src/xdisp.c	33992					-
variable	tab-bar-border	Vtab_bar_border	src/xdisp.c	33539					-
variable	tab-bar-button-margin	Vtab_bar_button_margin	src/xdisp.c	33547					-
variable	tab-bar-button-relief	tab_bar_button_relief	src/xdisp.c	33555					-
variable	tab-bar-mode	Vtab_bar_mode	src/frame.c	6490					-
variable	tab-bar-position	Vtab_bar_position	src/dispnew.c	6639					-
variable	tab-bar-separator-image-expression	Vtab_bar_separator_image_expression	src/keyboard.c	12326					-
variable	tab-line-format	&BVAR (current_buffer, tab_line_format)	src/buffer.c	5267					-
variable	tab-width	&BVAR (current_buffer, tab_width)	src/buffer.c	5398					-
variable	temp-buffer-show-function	Vtemp_buffer_show_function	src/window.c	8567					-
variable	temporary-file-directory	Vtemporary_file_directory	src/filelock.c	789					-
variable	terminal-frame	Vterminal_frame	src/frame.c	6430					-
variable	text-property-default-nonsticky	Vtext_property_default_nonsticky	src/textprop.c	2424					-
variable	text-quoting-style	Vtext_quoting_style	src/doc.c	692					-
variable	this-command	Vthis_command	src/keyboard.c	12057					-
variable	this-command-keys-shift-translated	Vthis_command_keys_shift_translated	src/keyboard.c	12076					-
variable	this-original-command	Vthis_original_command	src/keyboard.c	12084					-
variable	throw-on-input	Vthrow_on_input	src/keyboard.c	12526					-
variable	timer-idle-list	Vtimer_idle_list	src/keyboard.c	12461					-
variable	timer-list	Vtimer_list	src/keyboard.c	12457					-
variable	tool-bar-border	Vtool_bar_border	src/xdisp.c	33559					-
variable	tool-bar-button-margin	Vtool_bar_button_margin	src/xdisp.c	33567					-
variable	tool-bar-button-relief	tool_bar_button_relief	src/xdisp.c	33575					-
variable	tool-bar-max-label-size	tool_bar_max_label_size	src/xdisp.c	33592					-
variable	tool-bar-mode	Vtool_bar_mode	src/frame.c	6498					-
variable	tool-bar-separator-image-expression	Vtool_bar_separator_image_expression	src/keyboard.c	12332					-
variable	tool-bar-style	Vtool_bar_style	src/xdisp.c	33579					-
variable	tooltip-reuse-hidden-frame	tooltip_reuse_hidden_frame	src/frame.c	6653					-
variable	top-level	Vtop_level	src/keyboard.c	12201					-
variable	track-mouse	track_mouse	src/keyboard.c	12367					-
variable	transient-mark-mode	Vtransient_mark_mode	src/buffer.c	5989					-
variable	translate-upper-case-key-bindings	translate_upper_case_key_bindings	src/keyboard.c	12631					-
variable	translation-hash-table-vector	Vtranslation_hash_table_vector	src/ccl.c	2397					-
variable	translation-table-for-input	Vtranslation_table_for_input	src/coding.c	12186					-
variable	translation-table-vector	Vtranslation_table_vector	src/character.c	1096					-
variable	tree-sitter-scan-characters	tree_sitter_scan_characters	src/tree-sitter.c	1908					-
variable	truncate-lines	&BVAR (current_buffer, truncate_lines)	src/buffer.c	5509					-
variable	truncate-partial-width-windows	Vtruncate_partial_width_windows	src/xdisp.c	33361					-
variable	tty-defined-color-alist	Vtty_defined_color_alist	src/xfaces.c	7412					-
variable	tty-erase-char	Vtty_erase_char	src/keyboard.c	12175					-
variable	tty-menu-calls-mouse-position-function	tty_menu_calls_mouse_position_function	src/term.c	4614					-
variable	underline-minimum-offset	underline_minimum_offset	src/xdisp.c	33869					-
variable	undo-limit	undo_limit	src/undo.c	235					-
variable	undo-outer-limit	Vundo_outer_limit	src/undo.c	245					-
variable	undo-outer-limit-function	Vundo_outer_limit_function	src/undo.c	262					-
variable	unibyte-display-via-language-environment	unibyte_display_via_language_environment	src/xdisp.c	33606					-
variable	unicode-category-table	Vunicode_category_table	src/character.c	1154					-
variable	unread-command-events	Vunread_command_events	src/keyboard.c	12001					-
variable	unread-input-method-events	Vunread_input_method_events	src/keyboard.c	12017					-
variable	unread-post-input-method-events	Vunread_post_input_method_events	src/keyboard.c	12011					-
variable	use-default-ascent	Vuse_default_ascent	src/fontset.c	2183					-
variable	use-default-font-for-symbols	use_default_font_for_symbols	src/fontset.c	2193					-
variable	use-dialog-box	use_dialog_box	src/fns.c	6682					-
variable	use-file-dialog	use_file_dialog	src/fns.c	6691					-
variable	use-short-answers	use_short_answers	src/fns.c	6699					-
variable	use-system-tooltips	use_system_tooltips	src/frame.c	6668					-
variable	user-full-name	Vuser_full_name	src/editfns.c	4541					-
variable	user-init-file	Vuser_init_file	src/lread.c	5296					-
variable	user-login-name	Vuser_login_name	src/editfns.c	4544					-
variable	user-real-login-name	Vuser_real_login_name	src/editfns.c	4548					-
variable	values	Vvalues	src/lread.c	5173					-
variable	vector-cells-consed	vector_cells_consed	src/alloc.c	5602					-
variable	vertical-centering-font-regexp	Vvertical_centering_font_regexp	src/fontset.c	2224					-
variable	vertical-scroll-bar	&BVAR (current_buffer, vertical_scroll_bar_type)	src/buffer.c	5705					-
variable	visible-bell	visible_bell	src/dispnew.c	6563					-
variable	visible-cursor	visible_cursor	src/term.c	4607					-
variable	void-text-area-pointer	Vvoid_text_area_pointer	src/xdisp.c	33277					-
variable	where-is-preferred-modifier	Vwhere_is_preferred_modifier	src/keymap.c	3386					-
variable	while-no-input-ignore-events	Vwhile_no_input_ignore_events	src/keyboard.c	12623					-
variable	window-buffer-change-functions	Vwindow_buffer_change_functions	src/window.c	8630					-
variable	window-combination-limit	Vwindow_combination_limit	src/window.c	8802					-
variable	window-combination-resize	Vwindow_combination_resize	src/window.c	8784					-
variable	window-configuration-change-hook	Vwindow_configuration_change_hook	src/window.c	8707					-
variable	window-dead-windows-table	window_dead_windows_table	src/window.c	8887					-
variable	window-persistent-parameters	Vwindow_persistent_parameters	src/window.c	8840					-
variable	window-point-insertion-type	Vwindow_point_insertion_type	src/window.c	8624					-
variable	window-resize-pixelwise	window_resize_pixelwise	src/window.c	8865					-
variable	window-restore-killed-buffer-windows	window_restore_killed_buffer_windows	src/window.c	8723					-
variable	window-scroll-functions	Vwindow_scroll_functions	src/xdisp.c	33456					-
variable	window-selection-change-functions	Vwindow_selection_change_functions	src/window.c	8663					-
variable	window-size-change-functions	Vwindow_size_change_functions	src/window.c	8645					-
variable	window-state-change-functions	Vwindow_state_change_functions	src/window.c	8677					-
variable	window-state-change-hook	Vwindow_state_change_hook	src/window.c	8694					-
variable	window-system	Vwindow_system	src/dispnew.c	6589					-
variable	word-combining-categories	Vword_combining_categories	src/category.c	442					-
variable	word-separating-categories	Vword_separating_categories	src/category.c	480					-
variable	word-wrap	&BVAR (current_buffer, word_wrap)	src/buffer.c	5522					-
variable	word-wrap-by-category	word_wrap_by_category	src/xdisp.c	33382					-
variable	words-include-escapes	words_include_escapes	src/syntax.c	3738					-
variable	wrap-prefix	Vwrap_prefix	src/xdisp.c	33710					-
variable	write-region-annotate-functions	Vwrite_region_annotate_functions	src/fileio.c	6606					-
variable	write-region-annotations-so-far	Vwrite_region_annotations_so_far	src/fileio.c	6643					-
variable	write-region-inhibit-fsync	write_region_inhibit_fsync	src/fileio.c	6678					-
variable	write-region-post-annotation-function	Vwrite_region_post_annotation_function	src/fileio.c	6632					-
variable	x-bitmap-file-path	Vx_bitmap_file_path	src/image.c	12564					-
variable	x-pre-popup-menu-hook	Vx_pre_popup_menu_hook	src/menu.c	1615					-
variable	x-resource-class	Vx_resource_class	src/frame.c	6362					-
variable	x-resource-name	Vx_resource_name	src/frame.c	6350					-
variable	x-show-tooltip-timeout	Vx_show_tooltip_timeout	src/dispnew.c	6635					-
variable	x-stretch-cursor	x_stretch_cursor_p	src/xdisp.c	33221					-
variable	xft-ignore-color-fonts	xft_ignore_color_fonts	src/font.c	6276					-
variable	yes-or-no-prompt	Vyes_or_no_prompt	src/fns.c	6709					-
